product_id,product_name
10 13058,YouTube Organic Cotton TShirt  Grey
10 13097,YouTube Player TShirt  Unisex
10 14133,YouTube Ultimate Hooded Sweatshirt
10 14152,Rowan Pullover Hood
10 14153,Vastrm Hoodie
10 14154,Anvil L S Crew Neck  Grey
10 14155,Mens Voyage Fleece Jacket
10 14157,Green Flex Fleece Zip Hoodie
10 14159,EcoJersey Chrome Zip Up Hoodie
10 14160,Grey Heather Fleece Zip Hoodie
10 14215,Fleece FullZip Hoodie
10 14217,JacquardKnit FullZip Fleece
10 15069,Mens Puffer Jacket
10 15103,YouTube Unisex Flex Fleece Zip Hoodie
10 31023,YouTube Unstructured Cap  Charcoal
10 51122,YouTube Sticker Sheet
10 52048,Porcelain Mosaic Mug
10 52147,Android Porcelain Mug
10 52211,YouTube Ceramic Mug 12oz.
10 52213,Android Shaker Bottle
10 52223,24oz YouTube Sergeant Stripe Bottle
10 52225,22 oz. Android Mini Mountain Bottle
10 52230,Veranda 2 Glass Bottle
10 52231,Simplicity 24oz Water Bottle
10 52232,24oz Tritan Salute w  Flip Straw Lid
10 52233,Sports Water Bottle
10 52234,14oz Ceramic Google Mug
10 52237,24oz USA Made Aluminum Bottle
10 52238,BKR Bottle  Vacation Blue
10 52242,Skyline Metro Mug
10 52246,Porcelain Mosaic Mug
10 52250,Chrome Silicone Grip Glass Bottle
10 52251,Sport Bottle w  Metallic Ring 28 oz
10 55145,Leatherette Notebook Combo
10 55401,Lip Balm
10 55402,Malibu Sunglasses
10 55418,Google Flyers
10 75145,Android Soccer Ball
10 75150,Android Microfleece Blanket
10 75152,Android Monkey Mat
10 81054,"Vintage Red Infant ""Player"" Bodysuit"
10 84023,Wind Up Android
10 93132,Eco Droid Squishable  Online
10 93148,Go Gopher Pink Squishable
10 93149,Go Gopher Blue Squishable
10 93185,"7"" Android Squishable  Online"
10 93186,"15"" Android Squishable  Online"
9180748,Android Cool Gear Lunch To Go
9180749,Android Glass Water Bottle with Black Sleeve
9180750,Android 24 oz Button Lid Sport Water Bottle
9180751,Android 24 oz Button Lid Sport Water Bottle Green
9180752,Android 24 oz Button Lid Sport Water Bottle Smoke
9180753,Android Rise 14 oz Mug
9180754,8 pc Android Sticker Sheet
9180755,Android Sticker Sheet Ultra Removable
9180756,Windup Android
9180757,Yoga Block
9180758,Straw Beach Mat
9180759,Google Lunch Bag
9180760,Electronics Accessory Pouch
9180761,Large Zipper Top Tote Bag
9180762,Google Tote Bag
9180763,Collapsible Shopping Bag
9180764,Google Canvas Tote Natural Navy
9180765,Chevron Shopper
9180766,Google Sports Bag
9180767,Google Slim Utility Travel Bag
9180769,Google Laptop Backpack
9180770,Yoga Mat Blue
9180771,Yoga Mat Purple
9180774,Pet Feeding Mat
9180775,Google Pet Feeding Mat
9180777,SPF15 Lip Balm
9180778,Fashion Sunglasses & Pouch
9180779,1 oz Hand Sanitizer
9180780,Set of 3 Nested Travel Cases
9180781,Set of 3 Packing Cubes
9180782,Seat Pack Organizer
9180784,Stadium CupsSets of 4
9180785,23 oz Wide Mouth Sport Bottle
9180786,24 oz USA Made Aluminum Bottle
9180788,Insulated Bottle
9180791,Insulated Bottle
9180792,20 oz Stainless Steel Insulated Tumbler
9180793,26 oz Double Wall Insulated Bottle
9180797,22 oz Mini Mountain Bottle
9180801,Engraved Ceramic Google Mug
9180802,Red Shine 15 oz Mug
9180803,4in1 Carabiner Charger
9180804,Metal Earbuds with Small Zipper Case
9180805,Grip Kit Cable Organizer
9180806,Clipon Compact Charger
9180808,Basecamp Explorer Powerbank Flashlight
9180809,Google Flashlight
9180810,Rocket Flashlight
9180811,Google Magnetic Mini Flood Flashlight
9180812,Google Power Bank
9180813,Google Power Bank
9180814,ATOM Wireless Earbud Headset
9180815,Aria Bluetooth Speaker
9180816,Google Water Resistant Bluetooth Speaker
9180817,Bottle Opener Clip
9180818,Keyboard DOT Sticker
9180819,Google Laptop and Cell Phone Stickers
9180820,Google Doodle Decal
9180822,Compact Selfie Stick
9180824,Foam Can and Bottle Cooler
9180825,Google Sunglasses
9180826,Google Sunglasses
9180827,Google Sunglasses
9180828,Google Sunglasses
9180829,Google Sunglasses
9180833,Rubber Grip Ballpoint Pen 4 Pack
9180834,Ballpoint Pen & Matching Tube Case
9180836,Bic Digital Clic Stic Stylus Pen
9180837,Bic Leather Pen
9180838,Metal Texture Roller Pen
9180839,PaperMate Ink Joy Pen
9180840,Satin Black Ballpoint Pen
9180841,Bic TriTone Twist Pen
9180842,Maze Pen
9180844,Gunmetal Roller Ball Pen
9180848,Pen Pencil & Highlighter Set
9180850,Ballpoint Stylus Pen
9180851,PaperMate Ink Joy Retractable Pen
9180854,Leatherette Journal
9180856,Compact Eco Journal
9180859,Red Spiral Google Notebook
9180860,Large Recycled Journal Pen Combo
9180861,Recycled Mouse Pad
9180862,Galaxy Screen Cleaning Cloth
9180863,Grip Highlighter Pen 3 Pack
9180864,Blue Keeper Notebook Set with Flap
9180865,Blue Metallic Textured Spiral Notebook Set
9180866,Badge Holder
9180867,7&quot; Dog Frisbee
9180868,Crunch Noise Dog Toy
9180869,7&quot; Dog Frisbee
9180870,7&quot; Dog Frisbee
9180871,Google Collapsible Pet Bowl
9180872,Collapsible Pet Bowl
9180874,24 oz YouTube Sergeant Stripe Bottle
9180875,YouTube Custom Decals
9180876,YouTube Leatherette Notebook Combo
9180905,Google Long Sleeve Raglan Badge Henley Ocean Blue
9180958,Google Mens Short Sleeve Hero Tee Light Blue
9181019,Google Triblend Hoodie Grey
9181109,YouTube Womens Short Sleeve Triblend Badge Tee Charcoal
9181137,Google Alpine Style Backpack
9181138,Google Rucksack
9181139,Deluge Waterproof Backpack
9181140,Google Trucker Hat
9181142,16 oz. Hot Cold Tumbler
9181148,Gift Card $100.00
9181149,Gift Card  $25.00
9181150,Gift Card  $250.00
9181151,Gift Card  $50.00
9181152,YouTube Trucker Hat
9181570,Google Wool Heather Cap Heather Navy
9181571,YouTube Wool Heather Cap Heather Black
9181572,Android Wool Heather Cap Heather Black
9181573,Google Snapback Hat Black
9181574,Google Stretch Fit Hat S M Navy
9181575,Google Stretch Fit Hat M L Navy
9181576,Google Stretch Fit Hat L XL Navy
9181663,Android Stretch Fit Hat L XL
9181664,Google Small Waterproof Duffel
9182172,Aluminum Handy Emergency Flashlight
9182173,Google Stylus Pen w  LED Light
9182174,Android Journal Book Set
9182176,Android Womens Short Sleeve Badge Tee Dark Heather
9182177,Android Womens Short Sleeve Badge Tee Dark Heather
9182178,Android Womens Short Sleeve Badge Tee Dark Heather
9182179,Android Womens Short Sleeve Badge Tee Dark Heather
9182180,Android Womens Short Sleeve Hero Tee Black
9182181,Android Womens Short Sleeve Hero Tee Black
9182182,Android Womens Short Sleeve Hero Tee Black
9182183,Android Womens Short Sleeve Hero Tee Black
9182186,Womens YouTube Short Sleeve Hero Tee Black
9182382,Google Mens Watershed Full Zip Hoodie Grey
9182383,Google Mens Watershed Full Zip Hoodie Grey
9182401,Mens Lotus 1 4 Zip
9182456,Google Womens Short Sleeve Performance Tee Charcoal
9182494,Google Womens Insulated Thermal Vest Navy
9182495,Google Womens Insulated Thermal Vest Navy
9182502,Google Womens Yoga Jacket Black
9182509,Google Womens Zip Hoodie Grey
9182519,Google Mens Vintage Badge Tee Black
9182525,Google Mens Vintage Badge Tee White
9182526,Google Mens Vintage Badge Tee White
9182531,Google Mens Vintage Badge Tee Green
9182537,Google Womens Vintage TShirt Black
9182538,Google Womens Hero VNeck Tee White
9182539,Google Womens Short Sleeve VNeck Tee Lavender
9182540,Google Womens Short Sleeve VNeck Tee Stone
9182547,YouTube Mens Vintage Tee
9182553,YouTube Mens EcoJersey Henley
9182559,Android Mens Vintage Henley
9182561,Google Mens Vintage Tank
9182562,YouTube Mens Vintage Tank
9182569,Google Mens  Zip Hoodie
9182575,Android Mens  Zip Hoodie
9182581,Google Womens Fleece Hoodie
9182587,Android Womens Fleece Hoodie
9182588,Android Womens Fleece Hoodie
9182593,Google Mens Pullover Hoodie
9182599,Google Womens Long Sleeve Tee Lavender
9182605,Google Womens Tee Grey
9182611,Google Womens Scoop Neck Tee Black
9182629,Google  Womens Muscle Tee
9182635,Google Womens Short Sleeve VNeck Tee Black
9182647,Google Womens Short Sleeve Badge Tee Ice Gray
9182653,Google Womens Short Sleeve Hero Dark Grey
9182658,Google Womens Short Sleeve Hero Tee Sky Blue
9182663,Google Womens Short Sleeve Badge Tee Red Heather
9182668,YouTube Mens 3 4 Sleeve Henley
9182674,Google Womens Recycled Fabric Tee
9182686,Google Womens VNeck Tee Grey
9182688,Google Womens VNeck Tee Grey
9182699,Insulated Bottle
9182700,Android Mens 3 4 Sleeve Raglan Henley Black
9182701,Android Mens Long Sleeve Badge Crew Tee Heather
9182702,Android Mens Short Sleeve Triblend Hero Tee Grey
9182705,Android Mens Long & Lean Badge Tee Charcoal
9182706,Android Stretch Fit Hat
9182707,Android Heavyweight Long Sleeve Badge Tee Black
9182709,Android Womens Long Sleeve Blended Cardigan Grey
9182710,Android Womens Racer Back Tank Black
9182713,Google 3 4 Sleeve Raglan Badge Henley Black
9182714,Google Long Sleeve Raglan Badge Henley Ocean Blue
9182715,Google Mens Long Sleeve Baseball Raglan Cranberry
9182716,Google Mens Long Sleeve Pullover Badge Tee Heather
9182717,Google Mens Short Sleeve Hero Tee Light Blue
9182719,Google Mens Short Sleeve Hero Tee Charcoal
9182720,Google Mens Short Sleeve Badge Tee Charcoal
9182721,Google Mens 100% Cotton Short Sleeve Hero Tee Black
9182722,Google Mens 100% Cotton Short Sleeve Hero Tee Navy
9182723,Google Mens 100% Cotton Short Sleeve Hero Tee White
9182724,Google Mens 100% Cotton Short Sleeve Hero Tee Red
9182725,Google Mens Long & Lean Tee Grey
9182726,Google Mens Long & Lean Tee Charcoal
9182732,Google Stretch Fit Hat
9182734,Google Mens 3 4 Sleeve Raglan Henley Grey
9182735,Google Heavyweight Long Sleeve Hero Tee Burgundy
9182736,Google Heavyweight Long Sleeve Hero Tee Navy
9182737,Google Womens 3 4 Sleeve Baseball Raglan Heather Black
9182738,Google Womens Long Sleeve Blended Cardigan Charcoal
9182739,Google Mens Watershed Full Zip Hoodie Grey
9182740,Google Mens Airflow 1 4 Zip Pullover Black
9182741,Google Mens Airflow 1 4 Zip Pullover Lapis
9182742,Google Mens Convertible VestJacket Pewter
9182743,Google Mens Microfiber 1 4 Zip Pullover Blue Indigo
9182744,Google Mens Microfiber 1 4 Zip Pullover Grey Black
9182745,Google Mens Quilted Insulated Vest Black
9182746,Google Mens Quilted Insulated Vest Battleship Grey
9182747,Google Mens Performance Badge Tee Black
9182748,Google Mens Performance Badge Tee Gunmetal
9182749,Google Mens Performance Badge Tee Navy
9182750,Google Mens Performance 1 4 Zip Pullover Heather Black
9182751,Google Mens Performance Full Zip Jacket Black
9182752,Google Mens Short Sleeve Performance Badge Tee Charcoal
9182753,Google Mens Weatherblock Shell Jacket Black
9182754,Google Mens Softshell Jacket Black Grey
9182755,Google Mens Colorblock Tee White Heather
9182756,Google Mens Lightweight Microfleece Jacket Black
9182757,Google Mens Performance Polo Grey Black
9182759,Android Womens Short Sleeve Badge Tee Dark Heather
9182760,Google Womens Insulated Thermal Vest Navy
9182761,Google Womens Yoga Jacket Black
9182762,Google Womens 1 4 Zip Performance Pullover Black
9182763,Google Womens 1 4 Zip Performance Pullover TwoTone Blue
9182764,Google Womens Convertible VestJacket Black
9182765,Google Womens Convertible VestJacket Sea Foam Green
9182767,Google Womens Quilted Insulated Vest Pewter
9182768,Google Womens Badge Performance Tee Black
9182769,Google Womens Badge Performance Tee Gunmetal
9182770,Google Womens Badge Performance Tee Navy
9182771,Google Womens 1 4 Zip Jacket Charcoal
9182772,Google Womens Performance Full Zip Jacket Black
9182773,Google Womens Badge Performance Tee Charcoal
9182774,Google Womens Yoga Pants
9182775,Google Womens Zip Hoodie Grey
9182776,Google Womens Weatherblock Shell Jacket Black
9182777,Google Womens Performance Golf Polo Blue
9182778,Google Womens Softshell Jacket Black Grey
9182779,Google Womens Colorblock Tee White
9182780,Google Womens Shell Jacket Blue Black
9182781,Google Womens Short Sleeve Hero Tee Black
9182782,Google Womens Short Sleeve Hero Tee Grey
9182783,Google Womens Short Sleeve Badge Tee Grey
9182784,Google Womens Short Sleeve Hero Tee White
9182785,Google Womens Lightweight Microfleece Jacket
9182786,Google Womens Performance Polo Grey Black
9182788,Yoga Mat
9182790,YouTube Mens Long Sleeve Pullover Badge Tee Heather
9182791,YouTube Mens Short Sleeve Hero Tee Charcoal
9182792,YouTube Mens Short Sleeve Hero Tee Black
9182793,YouTube Mens Long & Lean Tee Charcoal
9182794,YouTube Stretch Fit Hat
9182797,YouTube Womens Short Sleeve Crew Tee
9182798,YouTube Womens Short Sleeve Triblend Badge Tee Grey
9182799,YouTube Womens Short Sleeve Triblend Badge Tee Charcoal
9182800,Google Onesie Royal Blue
9182806,Google Onesie Green
9182812,Google Infant Zip Hood Pink
9182816,Google Infant Zip Hood Royal Blue
9182820,Google Baby Essentials Set
9182824,Android Baby Essentials Baby Set
9182828,Google Toddler Short Sleeve Tshirt Royal Blue
9182833,Google Toddler Short Sleeve Tshirt Green
9182838,Google Toddler Short Sleeve Tshirt Yellow
9182843,Google Toddler Short Sleeve Tshirt Grey
9182848,Google Toddler Hoodie Royal Blue
9182853,Google Toddler 1 4 Zip Fleece Pewter
9182854,Google Toddler 1 4 Zip Fleece Pewter
9182857,Google Toddler 1 4 Zip Fleece Pewter
9182858,Google Toddler Raglan Shirt Blue Heather Navy
9182859,Google Toddler Raglan Shirt Blue Heather Navy
9182863,Google Toddler Sports Tshirt Red
9182868,Android Toddler Short Sleeve Tshirt Pewter
9182873,Android Toddler Short Sleeve Tshirt Pink
9182883,Google Youth Short Sleeve Tshirt Royal Blue
9182888,Google Youth Short Sleeve Tshirt Green
9182893,Google Youth Short Sleeve Tshirt Yellow
9182898,Android Youth Short Sleeve Tshirt Aqua
9182903,Android Youth Short Sleeve Tshirt Pewter
9182909,Collapsible Pet Bowl
9182911,Google Toddler Tee Fruit Games Pineapple
9182916,Google Toddler Tee Fruit Games Cherries
9182921,Google Toddler Tee Fruit Games Banana
9182936,Google Youth Tee Fruit Games Pineapple
9182941,Google Youth Tee Fruit Games Cherries
9182946,Google Youth Tee Fruit Games Banana
9182951,Google Youth Tee Fruit Games Strawberry
9182956,Google Youth Tee Fruit Games Lemon
9182961,Google Adult Tee Fruit Games Dragonfruit
9182967,Google Adult Tee Fruit Games Cherries
9182973,Google Adult Tee Fruit Games Pineapple
9182977,Google Adult Tee Fruit Games Pineapple
9182979,Google Canvas Tote Fruit Games Lemon
9182980,Google Pet Feeding Mat
9182981,Google Womens Short Sleeve Hero Tee Red Heather
9182994,Android 17oz Stainless Steel Sport Bottle
9182995,Google Car Clip Phone Holder
9182996,Google Device Stand
9182997,Google 17oz Stainless Steel Sport Bottle
9182998,Google PowerKit
9182999,Google Bongo Cupholder Bluetooth Speaker
9183000,Google Pocket Bluetooth Speaker
9183001,YouTube Twill Cap
9183002,Google Twill Cap
9183003,Google Mens Bayside Graphic Tee
9183015,YouTube Onesie Heather
9183040,Android BTTF Cosmos Shirt
9183052,Android Onesie Sprout Green
9183058,Android Onesie Baby Blue
9183064,Android Onesie Gold
9183074,Android Infant Short Sleeve Tee Aqua
9183086,Google Youth Girl Tee Green
9183091,Google Youth Baseball Raglan Heather Black
9183096,Google Youth Sports Tee Navy
9183101,Google Youth Girl Hoodie
9183106,Google Womens Performance Hero Tee Gunmetal
9183112,YouTube Mens Fleece Hoodie Black
9183118,YouTube Womens Fleece Hoodie Black
9183124,Google Onesie Red Graphite
9183129,Google Onesie Red
9183143,Google Infant Short Sleeve Tee White
9183147,Google Toddler Short Sleeve Tee Red
9183152,Google Youth Short Sleeve Tee Red
9183167,Google Mens Short Sleeve Hero Tee Heather
9183173,Google Womens Short Sleeve Badge Tee Navy
9183179,Google Womens Short Sleeve Hero Tee Heather
9183185,Google Bluetooth Headphones
9183186,Google G Noisereducing Bluetooth Headphones
9183187,Google Bluetooth SpeakerPower Bank
9183188,"Google High Capacity 10,400mAh Charger"
9183189,Digital Lightshow Smart Speaker and Notification Center
9183190,Google Phone Sanitizer
9183191,Google 40 oz Insulated Monster Bottle
9183192,Google Insulated Stainless Steel Bottle
9183193,Google Accent Insulated Stainless Steel Bottle
9183194,Google Executive Umbrella
9183195,Google 2200mAh Micro Charger
9183196,Google 4400mAh Power Bank
9183197,Google Bib Red
9183198,Google Bib White
9183202,Android Stretch Fit Hat Black
9183203,Google Device Holder Sticky Pad
9183204,Android Twill Cap
9183205,Google Zipperfront Sports Bag
9183210,Google RFID Journal
9183211,YouTube RFID Journal
9183212,Android RFID Journal
9183213,Android Hard Cover Journal
9183214,Google Hard Cover Journal
9183216,Android Spiral Journal with Pen
9183219,Google Leather Journal
9183220,Google Leather Journal (Brown)
9183221,Google Leather Journal (Black)
9183222,Google Leather Perforated Journal
9183223,Google Spiral Leather Journal
9183224,YouTube Luggage Tag
9183225,Google Luggage Tag
9183226,Android Luggage Tag
9183228,Nest® Cam Indoor Security Camera  USA
9183229,Nest® Cam Outdoor Security Camera  USA
9183230,Nest® Protect Smoke + CO White Battery AlarmUSA
9183231,Nest® Protect Smoke + CO White Wired AlarmUSA
9183232,Nest® Protect Smoke + CO Black Battery AlarmUSA
9183233,Nest® Protect Smoke + CO Black Wired AlarmUSA
9183234,Nest® Learning Thermostat 3rd GenUSA
9183235,Google Collapsible Duffel
9183236,Google Collapsible Duffel Black
9183237,Google Collapsible Duffel Blue
9183238,Google Laptop Tech Backpack
9183239,25L Classic Rucksack
9183240,25L Classic Rucksack
9183241,25L Classic Rucksack
9184618,Google Womens Zip Hoodie Grey
9184620,Google Mens Performance Full Zip Jacket Black
9184622,Google French Terry Cap
9184623,Google 5Panel Cap
9184624,Android 5Panel Low Cap
9184625,Google Blackout Cap
9184626,Google 5Panel Snapback Cap
9184627,Google Mens Bike Short Sleeve Tee Charcoal
9184633,Google Mens Around The Block Short Sleeve Tee Ash
9184639,Android Mens Engineer Short Sleeve Tee Charcoal
9184645,Android Lifted Mens Short Sleeve Tee Blue
9184651,Android Mens Outerstellar Short Sleeve Tee Black
9184663,Android Mens Take Charge Short Sleeve Tee Purple
9184675,UpCycled Bike Saddle Bag
9184676,UpCycled Handlebar Bag
9184677,Google 25 oz Red Stainless Steel Bottle
9184678,Google 25 oz Blue Stainless Steel Bottle
9184679,Android 25 oz Green Apple Stainless Steel Bottle
9184680,Google 25 oz Clear Stainless Steel Bottle
9184681,Google 17 oz Double Wall Stainless Steel Insulated Bottle
9184682,Waze Mobile Phone Vent Mount
9184683,Waze Womens Short Sleeve Tee
9184689,Waze Mens Short Sleeve Tee
9184695,Waze Baby on Board Window Decal
9184696,Waze Mood Happy Window Decal
9184697,Waze Mood Original Window Decal
9184698,Waze Mood Ninja Window Decal
9184705,Waze Womens Typography Short Sleeve Tee
9184707,Waze Womens Typography Short Sleeve Tee
9184708,Waze Womens Typography Short Sleeve Tee
9184709,Waze Womens Typography Short Sleeve Tee
9184710,Waze Womens Typography Short Sleeve Tee
9184711,Waze Womens Typography Short Sleeve Tee
9184712,Waze Mens Typography Short Sleeve Tee
9184718,Waze Dress Socks
9184720,Google Womens Short Sleeve Hero Tee Sky Blue
9184721,BLM Sweatshirt
9184732,Womens Performance Full Zip Jacket Black
9184733,Nest® Learning Thermostat 3rd GenUSA  White
9184734,Nest® Learning Thermostat 3rd GenUSA  Copper
9184735,Nest® Learning Thermostat 3rd GenUSA
9184737,Waze Pack of 9 Decal Set
A12345,My TShirt
GGOEA0CH077599,Android Hard Cover Journal
GGOEAAAB034813,Android BTTF Cosmos Graphic Tee
GGOEAAAB034814,Android BTTF Cosmos Graphic Tee
GGOEAAAB034815,Android BTTF Cosmos Graphic Tee
GGOEAAAB034816,Android BTTF Cosmos Graphic Tee
GGOEAAAB034817,Android BTTF Cosmos Graphic Tee
GGOEAAAB034913,Android BTTF Moonshot Graphic Tee
GGOEAAAB034914,Android BTTF Moonshot Graphic Tee
GGOEAAAB034915,Android BTTF Moonshot Graphic Tee
GGOEAAAB034916,Android BTTF Moonshot Graphic Tee
GGOEAAAB034917,Android BTTF Moonshot Graphic Tee
GGOEAAAB081013,Android Mens Outerstellar Short Sleeve Tee Black
GGOEAAAB081014,Android Mens Outerstellar Short Sleeve Tee Black
GGOEAAAB081015,Android Mens Outerstellar Short Sleeve Tee Black
GGOEAAAB081016,Android Mens Outerstellar Short Sleeve Tee Black
GGOEAAAB081017,Android Mens Outerstellar Short Sleeve Tee Black
GGOEAAAC080913,Android Lifted Mens Short Sleeve Tee Blue
GGOEAAAC080914,Android Lifted Mens Short Sleeve Tee Blue
GGOEAAAC080915,Android Lifted Mens Short Sleeve Tee Blue
GGOEAAAC080916,Android Lifted Mens Short Sleeve Tee Blue
GGOEAAAC080917,Android Lifted Mens Short Sleeve Tee Blue
GGOEAAAH083313,Android Mens Paradise Short Sleeve Tee Olive
GGOEAAAH083314,Android Mens Paradise Short Sleeve Tee Olive
GGOEAAAH083315,Android Mens Paradise Short Sleeve Tee Olive
GGOEAAAH083316,Android Mens Paradise Short Sleeve Tee Olive
GGOEAAAH083317,Android Mens Paradise Short Sleeve Tee Olive
GGOEAAAJ031913,Android Mens Short Sleeve Hero Tee Heather
GGOEAAAJ031914,Android Mens Short Sleeve Hero Tee Heather
GGOEAAAJ031915,Android Mens Short Sleeve Hero Tee Heather
GGOEAAAJ031916,Android Mens Short Sleeve Hero Tee Heather
GGOEAAAJ031917,Android Mens Short Sleeve Hero Tee Heather
GGOEAAAJ032413,Android Mens Short Sleeve Triblend Hero Tee Grey
GGOEAAAJ032414,Android Mens Short Sleeve Triblend Hero Tee Grey
GGOEAAAJ032415,Android Mens Short Sleeve Triblend Hero Tee Grey
GGOEAAAJ032416,Android Mens Short Sleeve Triblend Hero Tee Grey
GGOEAAAJ032417,Android Mens Short Sleeve Triblend Hero Tee Grey
GGOEAAAJ032913,Android Mens Long & Lean Badge Tee Charcoal
GGOEAAAJ032914,Android Mens Long & Lean Badge Tee Charcoal
GGOEAAAJ032915,Android Mens Long & Lean Badge Tee Charcoal
GGOEAAAJ032916,Android Mens Long & Lean Badge Tee Charcoal
GGOEAAAJ032917,Android Mens Long & Lean Badge Tee Charcoal
GGOEAAAJ034513,Android Mens Vintage Tee
GGOEAAAJ034514,Android Mens Vintage Tee
GGOEAAAJ034515,Android Mens Vintage Tee
GGOEAAAJ034516,Android Mens Vintage Tee
GGOEAAAJ034517,Android Mens Vintage Tee
GGOEAAAJ080813,Android Mens Engineer Short Sleeve Tee Charcoal
GGOEAAAJ080814,Android Mens Engineer Short Sleeve Tee Charcoal
GGOEAAAJ080815,Android Mens Engineer Short Sleeve Tee Charcoal
GGOEAAAJ080816,Android Mens Engineer Short Sleeve Tee Charcoal
GGOEAAAJ080817,Android Mens Engineer Short Sleeve Tee Charcoal
GGOEAAAL081113,Android Mens Pep Rally Short Sleeve Tee Navy
GGOEAAAL081114,Android Mens Pep Rally Short Sleeve Tee Navy
GGOEAAAL081115,Android Mens Pep Rally Short Sleeve Tee Navy
GGOEAAAL081116,Android Mens Pep Rally Short Sleeve Tee Navy
GGOEAAAL081117,Android Mens Pep Rally Short Sleeve Tee Navy
GGOEAAAP081213,Android Mens Take Charge Short Sleeve Tee Purple
GGOEAAAP081214,Android Mens Take Charge Short Sleeve Tee Purple
GGOEAAAP081215,Android Mens Take Charge Short Sleeve Tee Purple
GGOEAAAP081216,Android Mens Take Charge Short Sleeve Tee Purple
GGOEAAAP081217,Android Mens Take Charge Short Sleeve Tee Purple
GGOEAAAQ032013,Android Mens Short Sleeve Hero Tee White
GGOEAAAQ032014,Android Mens Short Sleeve Hero Tee White
GGOEAAAQ032015,Android Mens Short Sleeve Hero Tee White
GGOEAAAQ032016,Android Mens Short Sleeve Hero Tee White
GGOEAAAQ032017,Android Mens Short Sleeve Hero Tee White
GGOEAAEB028313,Android Womens Short Sleeve Hero Tee Black
GGOEAAEB028314,Android Womens Short Sleeve Hero Tee Black
GGOEAAEB028315,Android Womens Short Sleeve Hero Tee Black
GGOEAAEB028316,Android Womens Short Sleeve Hero Tee Black
GGOEAAEB030213,Android Womens Racer Back Tank Black
GGOEAAEB030214,Android Womens Racer Back Tank Black
GGOEAAEB030215,Android Womens Racer Back Tank Black
GGOEAAEB030216,Android Womens Racer Back Tank Black
GGOEAAEB031213,Android Heavyweight Long Sleeve Badge Tee Black
GGOEAAEB031214,Android Heavyweight Long Sleeve Badge Tee Black
GGOEAAEB031215,Android Heavyweight Long Sleeve Badge Tee Black
GGOEAAEB031216,Android Heavyweight Long Sleeve Badge Tee Black
GGOEAAEB031217,Android Heavyweight Long Sleeve Badge Tee Black
GGOEAAEB031613,Android Mens 3 4 Sleeve Raglan Henley Black
GGOEAAEB031614,Android Mens 3 4 Sleeve Raglan Henley Black
GGOEAAEB031615,Android Mens 3 4 Sleeve Raglan Henley Black
GGOEAAEB031616,Android Mens 3 4 Sleeve Raglan Henley Black
GGOEAAEB031617,Android Mens 3 4 Sleeve Raglan Henley Black
GGOEAAEC029413,Android Womens Short Sleeve Triblend Badge Tee Light Blue
GGOEAAEC029414,Android Womens Short Sleeve Triblend Badge Tee Light Blue
GGOEAAEC029415,Android Womens Short Sleeve Triblend Badge Tee Light Blue
GGOEAAEC029416,Android Womens Short Sleeve Triblend Badge Tee Light Blue
GGOEAAEH035213,Android Mens Vintage Henley
GGOEAAEH035214,Android Mens Vintage Henley
GGOEAAEH035215,Android Mens Vintage Henley
GGOEAAEH035216,Android Mens Vintage Henley
GGOEAAEH035217,Android Mens Vintage Henley
GGOEAAEJ028213,Android Womens Short Sleeve Badge Tee Dark Heather
GGOEAAEJ028214,Android Womens Short Sleeve Badge Tee Dark Heather
GGOEAAEJ028215,Android Womens Short Sleeve Badge Tee Dark Heather
GGOEAAEJ028216,Android Womens Short Sleeve Badge Tee Dark Heather
GGOEAAEJ029313,Android Womens Short Sleeve Triblend Badge Tee Light Grey
GGOEAAEJ029314,Android Womens Short Sleeve Badge Tee Light Charcoal
GGOEAAEJ029315,Android Womens Short Sleeve Badge Tee Light Charcoal
GGOEAAEJ029317,Android Womens Short Sleeve Badge Tee Light Charcoal
GGOEAAEJ030913,Android Womens Long Sleeve Blended Cardigan Grey
GGOEAAEJ030914,Android Womens Long Sleeve Blended Cardigan Grey
GGOEAAEJ030915,Android Womens Long Sleeve Blended Cardigan Grey
GGOEAAEJ030916,Android Womens Long Sleeve Blended Cardigan Grey
GGOEAAEJ030917,Android Womens Long Sleeve Blended Cardigan Grey
GGOEAAEJ033413,Android Mens Long Sleeve Badge Crew Tee Heather
GGOEAAEJ033414,Android Mens Long Sleeve Badge Crew Tee Heather
GGOEAAEJ033415,Android Mens Long Sleeve Badge Crew Tee Heather
GGOEAAEJ033416,Android Mens Long Sleeve Badge Crew Tee Heather
GGOEAAEJ033417,Android Mens Long Sleeve Badge Crew Tee Heather
GGOEAAEJ035713,Android Mens Vintage Tank
GGOEAAEJ035714,Android Mens Vintage Tank
GGOEAAEJ035715,Android Mens Vintage Tank
GGOEAAEJ035716,Android Mens Vintage Tank
GGOEAAEJ035717,Android Mens Vintage Tank
GGOEAAFB035913,Android Mens  Zip Hoodie
GGOEAAFB035914,Android Mens  Zip Hoodie
GGOEAAFB035915,Android Mens  Zip Hoodie
GGOEAAFB035916,Android Mens  Zip Hoodie
GGOEAAFB035917,Android Mens  Zip Hoodie
GGOEAAQB036113,Android Womens Fleece Hoodie
GGOEAAQB036114,Android Womens Fleece Hoodie
GGOEAAQB036115,Android Womens Fleece Hoodie
GGOEAAQB036116,Android Womens Fleece Hoodie
GGOEAAQB036117,Android Womens Fleece Hoodie
GGOEAAWC061648,Android Onesie Baby Blue
GGOEAAWC061649,Android Onesie Baby Blue
GGOEAAWC061650,Android Onesie Baby Blue
GGOEAAWC061653,Android Onesie Baby Blue
GGOEAAWC061654,Android Onesie Baby Blue
GGOEAAWC062448,Android Infant Short Sleeve Tee Aqua
GGOEAAWC062449,Android Infant Short Sleeve Tee Aqua
GGOEAAWC062450,Android Infant Short Sleeve Tee Aqua
GGOEAAWH061548,Android Onesie Sprout Green
GGOEAAWH061549,Android Onesie Sprout Green
GGOEAAWH061550,Android Onesie Sprout Green
GGOEAAWH061553,Android Onesie Sprout Green
GGOEAAWH061554,Android Onesie Sprout Green
GGOEAAWJ062548,Android Infant Short Sleeve Tee Pewter
GGOEAAWJ062549,Android Infant Short Sleeve Tee Pewter
GGOEAAWJ062550,Android Infant Short Sleeve Tee Pewter
GGOEAAWN062648,Android Infant Short Sleeve Tee Pink
GGOEAAWN062649,Android Infant Short Sleeve Tee Pink
GGOEAAWN062650,Android Infant Short Sleeve Tee Pink
GGOEAAWQ063048,Android Baby Esssentials Set
GGOEAAWQ063049,Android Baby Esssentials Set
GGOEAAWQ063053,Android Baby Esssentials Set
GGOEAAWT061748,Android Onesie Gold
GGOEAAWT061749,Android Onesie Gold
GGOEAAWT061750,Android Onesie Gold
GGOEAAWT061753,Android Onesie Gold
GGOEAAXC066428,Android Toddler Short Sleeve Tshirt Aqua
GGOEAAXC066429,Android Toddler Short Sleeve Tshirt Aqua
GGOEAAXC066430,Android Toddler Short Sleeve Tshirt Aqua
GGOEAAXC066455,Android Toddler Short Sleeve Tshirt Aqua
GGOEAAXJ066228,Android Toddler Short Sleeve Tshirt Pewter
GGOEAAXJ066229,Android Toddler Short Sleeve Tshirt Pewter
GGOEAAXJ066230,Android Toddler Short Sleeve Tshirt Pewter
GGOEAAXJ066255,Android Toddler Short Sleeve Tshirt Pewter
GGOEAAXN066328,Android Toddler Short Sleeve Tshirt Pink
GGOEAAXN066329,Android Toddler Short Sleeve Tshirt Pink
GGOEAAXN066330,Android Toddler Short Sleeve Tshirt Pink
GGOEAAXN066355,Android Toddler Short Sleeve Tshirt Pink
GGOEAAYC068724,Android Youth Short Sleeve Tshirt Aqua
GGOEAAYC068725,Android Youth Short Sleeve Tshirt Aqua
GGOEAAYC068726,Android Youth Short Sleeve Tshirt Aqua
GGOEAAYC068756,Android Youth Short Sleeve Tshirt Aqua
GGOEAAYJ068824,Android Youth Short Sleeve Tshirt Pewter
GGOEAAYJ068825,Android Youth Short Sleeve Tshirt Pewter
GGOEAAYJ068826,Android Youth Short Sleeve Tshirt Pewter
GGOEAAYJ068856,Android Youth Short Sleeve Tshirt Pewter
GGOEACCQ017299,Android Lunch Kit
GGOEADHB014799,Android Glass Water Bottle with Black Sleeve
GGOEADHH015499,Android 24 oz Contigo Bottle
GGOEADHH055999,22 oz Android Bottle
GGOEADHH073999,Android 17oz Stainless Steel Sport Bottle
GGOEADHH082399,Android 25 oz Green Apple Stainless Steel Bottle
GGOEADHJ015599,Android 24 oz Contigo Bottle
GGOEADWQ015699,Android Rise 14 oz Mug
GGOEAFKQ020499,8 pc Android Sticker Sheet
GGOEAFKQ020599,Android Sticker Sheet Ultra Removable
GGOEAHPA004110,Android Wool Heather Cap Heather Black
GGOEAHPB076113,Android Stretch Fit Hat
GGOEAHPB076114,Android Stretch Fit Hat
GGOEAHPB076115,Android Stretch Fit Hat
GGOEAHPB080210,Android 5Panel Low Cap
GGOEAHPJ004213,Android Stretch Fit Hat S M
GGOEAHPJ004314,Android Stretch Fit Hat M L
GGOEAHPJ004415,Android Stretch Fit Hat L XL
GGOEAHPJ074410,Android Twill Cap
GGOEAKDH019899,Windup Android
GGOEAOBH078799,Android Luggage Tag
GGOEAOCB077499,Android RFID Journal
GGOEAOCH014199,Android Journal Book Set
GGOEAOCH077899,Android Spiral Journal with Pen
GGOEAXXX0808,Android Mens Engineer Short Sleeve Tee Charcoal
GGOEAXXX0809,Android Lifted Mens Short Sleeve Tee Blue
GGOEAXXX0810,Android Mens Outerstellar Short Sleeve Tee Black
GGOEAXXX0811,Android Mens Pep Rally Short Sleeve Tee Navy
GGOEAXXX0812,Android Mens Take Charge Short Sleeve Tee Purple
GGOEAXXX0833,Android Mens Paradise Short Sleeve Tee Olive
GGOEGAAB010513,Google Mens 100% Cotton Short Sleeve Hero Tee Black
GGOEGAAB010514,Google Mens 100% Cotton Short Sleeve Hero Tee Black
GGOEGAAB010515,Google Mens 100% Cotton Short Sleeve Hero Tee Black
GGOEGAAB010516,Google Mens 100% Cotton Short Sleeve Hero Tee Black
GGOEGAAB010517,Google Mens 100% Cotton Short Sleeve Hero Tee Black
GGOEGAAB033813,Google Mens Vintage Badge Tee Black
GGOEGAAB033814,Google Mens Vintage Badge Tee Black
GGOEGAAB033815,Google Mens Vintage Badge Tee Black
GGOEGAAB033816,Google Mens Vintage Badge Tee Black
GGOEGAAB033817,Google Mens Vintage Badge Tee Black
GGOEGAAB058913,Google Mens Short Sleeve Performance Badge Tee Black
GGOEGAAB058914,Google Mens Short Sleeve Performance Badge Tee Black
GGOEGAAB058915,Google Mens Short Sleeve Performance Badge Tee Black
GGOEGAAB058916,Google Mens Short Sleeve Performance Badge Tee Black
GGOEGAAB058917,Google Mens Short Sleeve Performance Badge Tee Black
GGOEGAAB058918,Google Mens Short Sleeve Performance Badge Tee Black
GGOEGAAC032113,Google Mens Short Sleeve Hero Tee Light Blue
GGOEGAAC032114,Google Mens Short Sleeve Hero Tee Light Blue
GGOEGAAC032115,Google Mens Short Sleeve Hero Tee Light Blue
GGOEGAAC032116,Google Mens Short Sleeve Hero Tee Light Blue
GGOEGAAC032117,Google Mens Short Sleeve Hero Tee Light Blue
GGOEGAAC035013,Google Mens Bayside Graphic Tee
GGOEGAAC035014,Google Mens Bayside Graphic Tee
GGOEGAAC035015,Google Mens Bayside Graphic Tee
GGOEGAAC035016,Google Mens Bayside Graphic Tee
GGOEGAAC035017,Google Mens Bayside Graphic Tee
GGOEGAAC075713,Google Adult Tee Fruit Games Dragonfruit
GGOEGAAC075714,Google Adult Tee Fruit Games Dragonfruit
GGOEGAAC075715,Google Adult Tee Fruit Games Dragonfruit
GGOEGAAC075716,Google Adult Tee Fruit Games Dragonfruit
GGOEGAAC075813,Google Adult Tee Fruit Games Cherries
GGOEGAAC075814,Google Adult Tee Fruit Games Cherries
GGOEGAAC075815,Google Adult Tee Fruit Games Cherries
GGOEGAAH034013,Google Mens Vintage Badge Tee Sage
GGOEGAAH034014,Google Mens Vintage Badge Tee Sage
GGOEGAAH034015,Google Mens Vintage Badge Tee Sage
GGOEGAAH034016,Google Mens Vintage Badge Tee Sage
GGOEGAAH034017,Google Mens Vintage Badge Tee Sage
GGOEGAAH075913,Google Adult Tee Fruit Games Pineapple
GGOEGAAH075914,Google Adult Tee Fruit Games Pineapple
GGOEGAAH075915,Google Adult Tee Fruit Games Pineapple
GGOEGAAH075916,Google Adult Tee Fruit Games Pineapple
GGOEGAAH075917,Google Adult Tee Fruit Games Pineapple
GGOEGAAJ032313,Google Mens Short Sleeve Hero Tee Charcoal
GGOEGAAJ032314,Google Mens Short Sleeve Hero Tee Charcoal
GGOEGAAJ032315,Google Mens Short Sleeve Hero Tee Charcoal
GGOEGAAJ032316,Google Mens Short Sleeve Hero Tee Charcoal
GGOEGAAJ032317,Google Mens Short Sleeve Hero Tee Charcoal
GGOEGAAJ032613,Google Mens Short Sleeve Badge Tee Charcoal
GGOEGAAJ032614,Google Mens Short Sleeve Badge Tee Charcoal
GGOEGAAJ032615,Google Mens Short Sleeve Badge Tee Charcoal
GGOEGAAJ032616,Google Mens Short Sleeve Badge Tee Charcoal
GGOEGAAJ032617,Google Mens Short Sleeve Badge Tee Charcoal
GGOEGAAJ032713,Google Mens Skater Tee Grey
GGOEGAAJ032714,Google Mens Skater Tee Grey
GGOEGAAJ032715,Google Mens Skater Tee Grey
GGOEGAAJ032716,Google Mens Skater Tee Grey
GGOEGAAJ032717,Google Mens Skater Tee Grey
GGOEGAAJ032813,Google Mens Skater Tee Charcoal
GGOEGAAJ032814,Google Mens Skater Tee Charcoal
GGOEGAAJ032815,Google Mens Skater Tee Charcoal
GGOEGAAJ032816,Google Mens Long & Lean Tee Charcoal
GGOEGAAJ032817,Google Mens Long & Lean Tee Charcoal
GGOEGAAJ057013,Google Mens Short Sleeve Performance Badge Tee Charcoal
GGOEGAAJ057014,Google Mens Short Sleeve Performance Badge Tee Charcoal
GGOEGAAJ057015,Google Mens Short Sleeve Performance Badge Tee Charcoal
GGOEGAAJ057016,Google Mens Short Sleeve Performance Badge Tee Charcoal
GGOEGAAJ057017,Google Mens Short Sleeve Performance Badge Tee Charcoal
GGOEGAAJ057018,Google Mens Short Sleeve Performance Badge Tee Charcoal
GGOEGAAJ059113,Google Mens Short Sleeve Performance Badge Tee Pewter
GGOEGAAJ059114,Google Mens Short Sleeve Performance Badge Tee Pewter
GGOEGAAJ059115,Google Mens Short Sleeve Performance Badge Tee Pewter
GGOEGAAJ059116,Google Mens Short Sleeve Performance Badge Tee Pewter
GGOEGAAJ059117,Google Mens Short Sleeve Performance Badge Tee Pewter
GGOEGAAJ073013,Google Mens Performance Hero Tee Gunmetal
GGOEGAAJ073014,Google Mens Performance Hero Tee Gunmetal
GGOEGAAJ073015,Google Mens Performance Hero Tee Gunmetal
GGOEGAAJ073016,Google Mens Performance Hero Tee Gunmetal
GGOEGAAJ073017,Google Mens Performance Hero Tee Gunmetal
GGOEGAAJ073413,Google Mens Short Sleeve Hero Tee Heather
GGOEGAAJ073414,Google Mens Short Sleeve Hero Tee Heather
GGOEGAAJ073415,Google Mens Short Sleeve Hero Tee Heather
GGOEGAAJ073416,Google Mens Short Sleeve Hero Tee Heather
GGOEGAAJ073417,Google Mens Short Sleeve Hero Tee Heather
GGOEGAAJ080613,Google Mens Bike Short Sleeve Tee Charcoal
GGOEGAAJ080614,Google Mens Bike Short Sleeve Tee Charcoal
GGOEGAAJ080615,Google Mens Bike Short Sleeve Tee Charcoal
GGOEGAAJ080616,Google Mens Bike Short Sleeve Tee Charcoal
GGOEGAAJ080617,Google Mens Bike Short Sleeve Tee Charcoal
GGOEGAAJ080713,Google Mens Around The Block Short Sleeve Tee Ash
GGOEGAAJ080714,Google Mens Around The Block Short Sleeve Tee Ash
GGOEGAAJ080715,Google Mens Around The Block Short Sleeve Tee Ash
GGOEGAAJ080716,Google Mens Around The Block Short Sleeve Tee Ash
GGOEGAAJ080717,Google Mens Around The Block Short Sleeve Tee Ash
GGOEGAAL010613,Google Mens 100% Cotton Short Sleeve Hero Tee Navy
GGOEGAAL010614,Google Mens 100% Cotton Short Sleeve Hero Tee Navy
GGOEGAAL010615,Google Mens 100% Cotton Short Sleeve Hero Tee Navy
GGOEGAAL010616,Google Mens 100% Cotton Short Sleeve Hero Tee Navy
GGOEGAAL010617,Google Mens 100% Cotton Short Sleeve Hero Tee Navy
GGOEGAAL059013,Google Mens Short Sleeve Performance Badge Tee Navy
GGOEGAAL059014,Google Mens Short Sleeve Performance Badge Tee Navy
GGOEGAAL059015,Google Mens Short Sleeve Performance Badge Tee Navy
GGOEGAAL059016,Google Mens Short Sleeve Performance Badge Tee Navy
GGOEGAAL059017,Google Mens Short Sleeve Performance Badge Tee Navy
GGOEGAAL059018,Google Mens Short Sleeve Performance Badge Tee Navy
GGOEGAAQ010413,Google Mens 100% Cotton Short Sleeve Hero Tee White
GGOEGAAQ010414,Google Mens 100% Cotton Short Sleeve Hero Tee White
GGOEGAAQ010415,Google Mens 100% Cotton Short Sleeve Hero Tee White
GGOEGAAQ010416,Google Mens 100% Cotton Short Sleeve Hero Tee White
GGOEGAAQ010417,Google Mens 100% Cotton Short Sleeve Hero Tee White
GGOEGAAQ033913,Google Mens Vintage Badge Tee White
GGOEGAAQ033914,Google Mens Vintage Badge Tee White
GGOEGAAQ033915,Google Mens Vintage Badge Tee White
GGOEGAAQ033916,Google Mens Vintage Badge Tee White
GGOEGAAQ033917,Google Mens Vintage Badge Tee White
GGOEGAAQ033918,Google Mens Vintage Badge Tee White
GGOEGAAQ057213,Google Mens Colorblock Tee White Heather
GGOEGAAQ057214,Google Mens Colorblock Tee White Heather
GGOEGAAQ057215,Google Mens Colorblock Tee White Heather
GGOEGAAQ057216,Google Mens Colorblock Tee White Heather
GGOEGAAQ057217,Google Mens Colorblock Tee White Heather
GGOEGAAQ057218,Google Mens Colorblock Tee White Heather
GGOEGAAR010713,Google Mens 100% Cotton Short Sleeve Hero Tee Red
GGOEGAAR010714,Google Mens 100% Cotton Short Sleeve Hero Tee Red
GGOEGAAR010715,Google Mens 100% Cotton Short Sleeve Hero Tee Red
GGOEGAAR010716,Google Mens 100% Cotton Short Sleeve Hero Tee Red
GGOEGAAR010717,Google Mens 100% Cotton Short Sleeve Hero Tee Red
GGOEGAAX0031,Google Stretch Fit Hat
GGOEGAAX0037,Google Sunglasses
GGOEGAAX0042,Android Stretch Fit Hat
GGOEGAAX0074,Google 22 oz Water Bottle
GGOEGAAX0081,Recycled Paper Journal Set
GGOEGAAX0098,7&quot; Dog Frisbee
GGOEGAAX0104,Google Mens 100% Cotton Short Sleeve Hero Tee White
GGOEGAAX0105,Google Mens 100% Cotton Short Sleeve Hero Tee Black
GGOEGAAX0106,Google Mens 100% Cotton Short Sleeve Hero Tee Navy
GGOEGAAX0107,Google Mens 100% Cotton Short Sleeve Hero Tee Red
GGOEGAAX0127,Android 24 oz Contigo Bottle
GGOEGAAX0145,Womens Android Short Sleee Jersey Crew
GGOEGAAX0164,Google 3 4 Sleeve TriBlend Raglan Henley
GGOEGAAX0168,Google Pet Feeding Mat
GGOEGAAX0177,YouTube Mens S S Triblend Crew
GGOEGAAX0205,Android EcoJersey Henley
GGOEGAAX0206,Google EcoJersey Henley
GGOEGAAX0207,Google Keeper Vintage Tank
GGOEGAAX0209,Android Keeper Vintage Tank
GGOEGAAX0213,Yoga Mat
GGOEGAAX0228,Insulated Bottle
GGOEGAAX0231,Google Collapsible Pet Bowl
GGOEGAAX0278,Google Womens Short Sleeve Hero Tee Black
GGOEGAAX0279,Google Womens Short Sleeve Hero Tee White
GGOEGAAX0280,Google Womens Short Sleeve Hero Tee Grey
GGOEGAAX0281,Google Womens Short Sleeve Badge Tee Grey
GGOEGAAX0282,Android Womens Short Sleeve Badge Tee Dark Heather
GGOEGAAX0283,Android Womens Short Sleeve Hero Tee Black
GGOEGAAX0284,Womens YouTube Short Sleeve Hero Tee Black
GGOEGAAX0285,Google  Womens Muscle Tee
GGOEGAAX0286,Google Womens Short Sleeve Hero VNeck Tee Black
GGOEGAAX0287,Google Womens Short Sleeve VNeck Tee Dark Grey
GGOEGAAX0288,Google Womens Short Sleeve Shirt Light Grey
GGOEGAAX0289,Google Womens Short Sleeve Shirt Dark Grey
GGOEGAAX0290,YouTube Womens Short Sleeve Crew Tee
GGOEGAAX0291,Google Womens Short Sleeve Shirt Blue
GGOEGAAX0292,Google Womens Short Sleeve Shirt Red
GGOEGAAX0293,Android Womens Short Sleeve Triblend Badge Tee Light Grey
GGOEGAAX0294,Android Womens Short Sleeve Triblend Badge Tee Light Blue
GGOEGAAX0295,YouTube Womens Short Sleeve Triblend Badge Tee Charcoal
GGOEGAAX0296,YouTube Womens Short Sleeve Triblend Badge Tee Grey
GGOEGAAX0297,Google Womens Short Sleeve Hero Tee Red Heather
GGOEGAAX0298,Google Womens VNeck Tee Grey
GGOEGAAX0299,Google Womens VNeck Tee Charcoal
GGOEGAAX0300,YouTube Womens Racer Back Tank Black
GGOEGAAX0301,Google Womens Tank Top
GGOEGAAX0302,Android Womens Racer Back Tank Black
GGOEGAAX0304,Google Womens 3 4 Sleeve Baseball Raglan Heather Black
GGOEGAAX0305,YouTube Womens 3 4 Sleeve Baseball Raglan White Black
GGOEGAAX0306,Google Womens Recycled Fabric Tee
GGOEGAAX0307,Google 3 4 Sleeve Raglan Henley Grey
GGOEGAAX0308,Google Womens Long Sleeve Blended Cardigan Charcoal
GGOEGAAX0309,Android Womens Long Sleeve Blended Cardigan Grey
GGOEGAAX0310,Google Heavyweight Long Sleeve Hero Tee Burgundy
GGOEGAAX0311,Google Heavyweight Long Sleeve Hero Tee Navy
GGOEGAAX0312,Android Heavyweight Long Sleeve Badge Tee Black
GGOEGAAX0313,Google Triblend Hoodie Grey
GGOEGAAX0314,YouTube Mens 3 4 Sleeve Henley
GGOEGAAX0315,Google 3 4 Sleeve Raglan Badge Henley Black
GGOEGAAX0316,Android Mens 3 4 Sleeve Raglan Henley Black
GGOEGAAX0317,YouTube Mens Short Sleeve Hero Tee White
GGOEGAAX0318,YouTube Mens Short Sleeve Hero Tee Black
GGOEGAAX0319,Android Mens Short Sleeve Hero Tee Heather
GGOEGAAX0320,Android Mens Short Sleeve Hero Tee White
GGOEGAAX0321,Google Mens Short Sleeve Hero Tee Light Blue
GGOEGAAX0323,Google Mens Short Sleeve Hero Tee Charcoal
GGOEGAAX0324,Android Mens Short Sleeve Triblend Hero Tee Grey
GGOEGAAX0325,YouTube Mens Short Sleeve Hero Tee Charcoal
GGOEGAAX0326,Google Mens Short Sleeve Badge Tee Charcoal
GGOEGAAX0327,Google Mens Skater Tee Grey
GGOEGAAX0328,Google Mens Skater Tee Charcoal
GGOEGAAX0329,Android Mens Skater Badge Tee Charcoal
GGOEGAAX0330,YouTube Mens Skater Tee Charcoal
GGOEGAAX0331,Google Long Sleeve Raglan Badge Henley Ocean Blue
GGOEGAAX0332,Google Mens Long Sleeve Baseball Raglan Cranberry
GGOEGAAX0333,Google Mens Long Sleeve Pullover Badge Tee Heather
GGOEGAAX0334,Android Mens Long Sleeve Badge Crew Tee Heather
GGOEGAAX0335,YouTube Mens Long Sleeve Pullover Badge Tee Heather
GGOEGAAX0338,Google Mens Vintage Badge Tee Black
GGOEGAAX0339,Google Mens Vintage Badge Tee White
GGOEGAAX0340,Google Mens Vintage Badge Tee Sage
GGOEGAAX0341,Google Womens Vintage Hero Tee Black
GGOEGAAX0342,Google Womens Vintage Hero Tee White
GGOEGAAX0343,Google Womens Vintage Hero Tee Lavender
GGOEGAAX0344,Google Womens Vintage Hero Tee Platinum
GGOEGAAX0345,Android Mens Vintage Tee
GGOEGAAX0346,YouTube Mens Vintage Tee
GGOEGAAX0348,Android BTTF Cosmos Graphic Tee
GGOEGAAX0349,Android BTTF Moonshot Graphic Tee
GGOEGAAX0350,Google Mens Bayside Graphic Tee
GGOEGAAX0351,YouTube Mens EcoJersey Henley
GGOEGAAX0352,Android Mens Vintage Henley
GGOEGAAX0353,Google Vintage Henley Grey Black
GGOEGAAX0355,Google Mens Vintage Tank
GGOEGAAX0356,YouTube Mens Vintage Tank
GGOEGAAX0357,Android Mens Vintage Tank
GGOEGAAX0358,Google Mens  Zip Hoodie
GGOEGAAX0359,Android Mens  Zip Hoodie
GGOEGAAX0360,Google Womens Fleece Hoodie
GGOEGAAX0361,Android Womens Fleece Hoodie
GGOEGAAX0362,Google Mens Pullover Hoodie
GGOEGAAX0363,Google Womens Long Sleeve Tee Lavender
GGOEGAAX0364,Google Womens Tee Grey
GGOEGAAX0365,Google Womens Scoop Neck Tee Black
GGOEGAAX0366,Google Womens Scoop Neck Tee White
GGOEGAAX0367,Google Womens Scoop Neck Tee Green
GGOEGAAX0447,Mens Lotus H2X Dry S S Performance Tee
GGOEGAAX0566,Google Mens Weatherblock Shell Jacket Black
GGOEGAAX0567,Google Mens Softshell Jacket Black Grey
GGOEGAAX0568,Google Mens Watershed Full Zip Hoodie Grey
GGOEGAAX0569,Google Mens Performance Full Zip Jacket Black
GGOEGAAX0570,Google Mens Short Sleeve Performance Badge Tee Charcoal
GGOEGAAX0571,Google Mens Performance 1 4 Zip Pullover Heather Black
GGOEGAAX0572,Google Mens Colorblock Tee White Heather
GGOEGAAX0573,Google Mens Lightweight Microfleece Jacket Black
GGOEGAAX0574,Google Mens Performance Polo Grey Black
GGOEGAAX0575,Google Womens Weatherblock Shell Jacket Black
GGOEGAAX0576,Google Womens Softshell Jacket Black Grey
GGOEGAAX0577,Google Womens Performance Golf Polo Blue
GGOEGAAX0578,Google Womens Performance Full Zip Jacket Black
GGOEGAAX0579,Google Womens Short Sleeve Performance Tee Charcoal
GGOEGAAX0580,Google Womens 1 4 Zip Jacket Charcoal
GGOEGAAX0581,Google Womens Colorblock Tee White
GGOEGAAX0582,Google Womens Lightweight Microfleece Jacket
GGOEGAAX0583,Google Womens Performance Polo Grey Black
GGOEGAAX0584,Google Womens Yoga Pants
GGOEGAAX0585,Google Womens Insulated Thermal Vest Navy
GGOEGAAX0586,Google Womens Yoga Jacket Black
GGOEGAAX0587,Google Womens Zip Hoodie Grey
GGOEGAAX0588,Google Womens Shell Jacket Blue Black
GGOEGAAX0589,Google Mens Short Sleeve Performance Badge Tee Black
GGOEGAAX0590,Google Mens Short Sleeve Performance Badge Tee Navy
GGOEGAAX0591,Google Mens Short Sleeve Performance Badge Tee Pewter
GGOEGAAX0592,Google Mens Airflow 1 4 Zip Pullover Black
GGOEGAAX0593,Google Mens Airflow 1 4 Zip Pullover Lapis
GGOEGAAX0594,Google Mens Microfiber 1 4 Zip Pullover Grey Black
GGOEGAAX0595,Google Mens Microfiber 1 4 Zip Pullover Blue Indigo
GGOEGAAX0596,Google Mens Quilted Insulated Vest Black
GGOEGAAX0597,Google Mens Quilted Insulated Vest Battleship Grey
GGOEGAAX0598,Google Mens Convertible VestJacket Pewter
GGOEGAAX0599,Google Womens Short Sleeve Performance Tee Black
GGOEGAAX0600,Google Womens Short Sleeve Performance Tee Navy
GGOEGAAX0601,Google Womens Short Sleeve Performance Tee Pewter
GGOEGAAX0602,Google Womens 1 4 Zip Performance Pullover Black
GGOEGAAX0603,Google Womens 1 4 Zip Performance Pullover TwoTone Blue
GGOEGAAX0604,Google Womens Quilted Insulated Vest Black
GGOEGAAX0605,Google Womens Quilted Insulated Vest White
GGOEGAAX0606,Google Womens Convertible VestJacket Black
GGOEGAAX0607,Google Womens Convertible VestJacket Sea Foam Green
GGOEGAAX0610,Google Onesie Red Graphite
GGOEGAAX0611,Google Onesie Red
GGOEGAAX0612,Google Onesie Royal Blue
GGOEGAAX0613,Google Onesie Green
GGOEGAAX0614,YouTube Onesie Heather
GGOEGAAX0615,Android Onesie Sprout Green
GGOEGAAX0616,Android Onesie Baby Blue
GGOEGAAX0617,Android Onesie Gold
GGOEGAAX0618,Google Infant Short Sleeve Tee Red
GGOEGAAX0619,Google Infant Short Sleeve Tee Royal Blue
GGOEGAAX0620,Google Infant Short Sleeve Tee Green
GGOEGAAX0621,Google Infant Short Sleeve Tee Cornflower Blue
GGOEGAAX0622,Google Infant Short Sleeve Tee White
GGOEGAAX0623,YouTube Infant Short Sleeve Tee Red
GGOEGAAX0624,Android Infant Short Sleeve Tee Aqua
GGOEGAAX0625,Android Infant Short Sleeve Tee Pewter
GGOEGAAX0626,Android Infant Short Sleeve Tee Pink
GGOEGAAX0627,Google Infant Zip Hood Pink
GGOEGAAX0628,Google Infant Zip Hood Royal Blue
GGOEGAAX0629,Google Baby Essentials Set
GGOEGAAX0630,Android Baby Essentials Baby Set
GGOEGAAX0651,Google Toddler Short Sleeve Tee Red
GGOEGAAX0652,Google Toddler Short Sleeve Tshirt Royal Blue
GGOEGAAX0653,Google Toddler Short Sleeve Tshirt Green
GGOEGAAX0654,Google Toddler Short Sleeve Tshirt Yellow
GGOEGAAX0655,Google Toddler Short Sleeve Tshirt Grey
GGOEGAAX0656,Google Toddler Hoodie Royal Blue
GGOEGAAX0657,Google Toddler 1 4 Zip Fleece Pewter
GGOEGAAX0659,Google Toddler Raglan Shirt Blue Heather Navy
GGOEGAAX0660,Google Toddler Sports Tshirt Red
GGOEGAAX0661,You Tube Toddler Short Sleeve Tee Red
GGOEGAAX0662,Android Toddler Short Sleeve Tshirt Pewter
GGOEGAAX0663,Android Toddler Short Sleeve Tshirt Pink
GGOEGAAX0664,Android Toddler Short Sleeve Tshirt Aqua
GGOEGAAX0671,Google Toddler Short Sleeve Tee White
GGOEGAAX0679,Google Youth Girl Tee Green
GGOEGAAX0680,Google Youth Baseball Raglan Heather Black
GGOEGAAX0681,Google Youth Sports Tee Navy
GGOEGAAX0682,Google Youth Short Sleeve Tee Red
GGOEGAAX0683,Google Youth Short Sleeve Tshirt Royal Blue
GGOEGAAX0684,Google Youth Short Sleeve Tshirt Green
GGOEGAAX0685,Google Youth Short Sleeve Tshirt Yellow
GGOEGAAX0686,YouTube Youth Short Sleeve Tee Red
GGOEGAAX0687,Android Youth Short Sleeve Tshirt Aqua
GGOEGAAX0688,Android Youth Short Sleeve Tshirt Pewter
GGOEGAAX0689,Google Youth Girl Hoodie
GGOEGAAX0690,Google Youth Short Sleeve Tee White
GGOEGAAX0729,Google Womens Performance Hero Tee Gunmetal
GGOEGAAX0730,Google Mens Performance Hero Tee Gunmetal
GGOEGAAX0731,YouTube Mens Fleece Hoodie Black
GGOEGAAX0732,YouTube Womens Fleece Hoodie Black
GGOEGAAX0733,Google Womens Short Sleeve Hero Tee Heather
GGOEGAAX0734,Google Mens Short Sleeve Hero Tee Heather
GGOEGAAX0735,Google Collapsible Duffel
GGOEGAAX0746,Google Womens Short Sleeve Badge Tee Navy
GGOEGAAX0747,Google Toddler Tee Fruit Games Pineapple
GGOEGAAX0748,Google Toddler Tee Fruit Games Cherries
GGOEGAAX0749,Google Toddler Tee Fruit Games Banana
GGOEGAAX0750,Google Toddler Tee Fruit Games Strawberry
GGOEGAAX0751,Google Toddler Tee Fruit Games Lemon
GGOEGAAX0752,Google Youth Tee Fruit Games Pineapple
GGOEGAAX0753,Google Youth Tee Fruit Games Cherries
GGOEGAAX0754,Google Youth Tee Fruit Games Banana
GGOEGAAX0755,Google Youth Tee Fruit Games Strawberry
GGOEGAAX0756,Google Youth Tee Fruit Games Lemon
GGOEGAAX0757,Google Adult Tee Fruit Games Dragonfruit
GGOEGAAX0758,Google Adult Tee Fruit Games Cherries
GGOEGAAX0759,Google Adult Tee Fruit Games Pineapple
GGOEGAAX0761,Android Stretch Fit Hat Black
GGOEGAAX0781,Google Leather Journal
GGOEGAAX0794,Nest® Learning Thermostat 3rd GenUSA
GGOEGAAX0795,25L Classic Rucksack
GGOEGACB023699,Yoga Block
GGOEGADB056613,Mens Weatherblock Shell Jacket Black
GGOEGADB056614,Mens Weatherblock Shell Jacket Black
GGOEGADB056615,Mens Weatherblock Shell Jacket Black
GGOEGADB056616,Mens Weatherblock Shell Jacket Black
GGOEGADB056617,Mens Weatherblock Shell Jacket Black
GGOEGADB056618,Mens Weatherblock Shell Jacket Black
GGOEGADB056713,Mens Softshell Jacket Black Grey
GGOEGADB056714,Mens Softshell Jacket Black Grey
GGOEGADB056715,Mens Softshell Jacket Black Grey
GGOEGADB056716,Mens Softshell Jacket Black Grey
GGOEGADB056717,Mens Softshell Jacket Black Grey
GGOEGADB056718,Mens Softshell Jacket Black Grey
GGOEGADB056913,Google Mens Performance Full Zip Jacket Black
GGOEGADB056914,Google Mens Performance Full Zip Jacket Black
GGOEGADB056915,Google Mens Performance Full Zip Jacket Black
GGOEGADB056916,Google Mens Performance Full Zip Jacket Black
GGOEGADB056917,Google Mens Performance Full Zip Jacket Black
GGOEGADB056918,Google Mens Performance Full Zip Jacket Black
GGOEGADB057313,Google Mens Lightweight Microfleece Jacket Black
GGOEGADB057314,Google Mens Lightweight Microfleece Jacket Black
GGOEGADB057315,Google Mens Lightweight Microfleece Jacket Black
GGOEGADB057316,Google Mens Lightweight Microfleece Jacket Black
GGOEGADB057317,Google Mens Lightweight Microfleece Jacket Black
GGOEGADB057318,Google Mens Lightweight Microfleece Jacket Black
GGOEGADB059213,Google Mens Airflow 1 4 Zip Pullover Black
GGOEGADB059214,Google Mens Airflow 1 4 Zip Pullover Black
GGOEGADB059215,Google Mens Airflow 1 4 Zip Pullover Black
GGOEGADB059216,Google Mens Airflow 1 4 Zip Pullover Black
GGOEGADB059217,Google Mens Airflow 1 4 Zip Pullover Black
GGOEGADB059613,Google Mens Quilted Insulated Vest Black
GGOEGADB059614,Google Mens Quilted Insulated Vest Black
GGOEGADB059615,Google Mens Quilted Insulated Vest Black
GGOEGADB059616,Google Mens Quilted Insulated Vest Black
GGOEGADB059617,Google Mens Quilted Insulated Vest Black
GGOEGADB059618,Google Mens Quilted Insulated Vest Black
GGOEGADC059313,Google Mens Airflow 1 4 Zip Pullover Lapis
GGOEGADC059314,Google Mens Airflow 1 4 Zip Pullover Lapis
GGOEGADC059315,Google Mens Airflow 1 4 Zip Pullover Lapis
GGOEGADC059316,Google Mens Airflow 1 4 Zip Pullover Lapis
GGOEGADC059317,Google Mens Airflow 1 4 Zip Pullover Lapis
GGOEGADC059513,Google Mens Microfiber 1 4 Zip Pullover Blue Indigo
GGOEGADC059514,Google Mens Microfiber 1 4 Zip Pullover Blue Indigo
GGOEGADC059515,Google Mens Microfiber 1 4 Zip Pullover Blue Indigo
GGOEGADC059516,Google Mens Microfiber 1 4 Zip Pullover Blue Indigo
GGOEGADC059517,Google Mens Microfiber 1 4 Zip Pullover Blue Indigo
GGOEGADJ056813,Google Mens Watershed Full Zip Hoodie Grey
GGOEGADJ056814,Google Mens Watershed Full Zip Hoodie Grey
GGOEGADJ056815,Google Mens Watershed Full Zip Hoodie Grey
GGOEGADJ056816,Google Mens Watershed Full Zip Hoodie Grey
GGOEGADJ056817,Google Mens Watershed Full Zip Hoodie Grey
GGOEGADJ056818,Google Mens Watershed Full Zip Hoodie Grey
GGOEGADJ057113,Google Mens Performance 1 4 Zip Pullover Heather Black
GGOEGADJ057114,Google Mens Performance 1 4 Zip Pullover Heather Black
GGOEGADJ057115,Google Mens Performance 1 4 Zip Pullover Heather Black
GGOEGADJ057116,Google Mens Performance 1 4 Zip Pullover Heather Black
GGOEGADJ057117,Google Mens Performance 1 4 Zip Pullover Heather Black
GGOEGADJ057118,Google Mens Performance 1 4 Zip Pullover Heather Black
GGOEGADJ059413,Google Mens Microfiber 1 4 Zip Pullover Grey Black
GGOEGADJ059414,Google Mens Microfiber 1 4 Zip Pullover Grey Black
GGOEGADJ059415,Google Mens Microfiber 1 4 Zip Pullover Grey Black
GGOEGADJ059416,Google Mens Microfiber 1 4 Zip Pullover Grey Black
GGOEGADJ059417,Google Mens Microfiber 1 4 Zip Pullover Grey Black
GGOEGADJ059713,Google Mens Quilted Insulated Vest Battleship Grey
GGOEGADJ059714,Google Mens Quilted Insulated Vest Battleship Grey
GGOEGADJ059715,Google Mens Quilted Insulated Vest Battleship Grey
GGOEGADJ059716,Google Mens Quilted Insulated Vest Battleship Grey
GGOEGADJ059717,Google Mens Quilted Insulated Vest Battleship Grey
GGOEGADJ059718,Google Mens Quilted Insulated Vest Battleship Grey
GGOEGADJ059813,Google Mens Convertible VestJacket Pewter
GGOEGADJ059814,Google Mens Convertible VestJacket Pewter
GGOEGADJ059815,Google Mens Convertible VestJacket Pewter
GGOEGADJ059816,Google Mens Convertible VestJacket Pewter
GGOEGADJ059817,Google Mens Convertible VestJacket Pewter
GGOEGADX0443,Mens Mistral Shell Jacket
GGOEGADX0444,Mens Pulse Softshell
GGOEGADX0445,Mens Atlantis Full Zip Fleece Hoody
GGOEGADX0446,Mens Lotus H2X Dry Full Zip Jacket
GGOEGADX0448,Mens Lotus 1 4 Zip
GGOEGADX0450,Mens Traverse Microfleece
GGOEGAEA030413,Google Womens 3 4 Sleeve Baseball Raglan Heather Black
GGOEGAEA030414,Google Womens 3 4 Sleeve Baseball Raglan Heather Black
GGOEGAEA030415,Google Womens 3 4 Sleeve Baseball Raglan Heather Black
GGOEGAEA030416,Google Womens 3 4 Sleeve Baseball Raglan Heather Black
GGOEGAEA030417,Google Womens 3 4 Sleeve Baseball Raglan Heather Black
GGOEGAEA030613,Google Womens Recycled Fabric Tee
GGOEGAEA030614,Google Womens Recycled Fabric Tee
GGOEGAEB027813,Google Womens Short Sleeve Hero Tee Black
GGOEGAEB027814,Google Womens Short Sleeve Hero Tee Black
GGOEGAEB027815,Google Womens Short Sleeve Hero Tee Black
GGOEGAEB027816,Google Womens Short Sleeve Hero Tee Black
GGOEGAEB028613,Google Womens Short Sleeve VNeck Tee Black
GGOEGAEB028614,Google Womens Short Sleeve VNeck Tee Black
GGOEGAEB028615,Google Womens Short Sleeve VNeck Tee Black
GGOEGAEB028616,Google Womens Short Sleeve VNeck Tee Black
GGOEGAEB028617,Google Womens Short Sleeve VNeck Tee Black
GGOEGAEB031513,Google 3 4 Sleeve Raglan Badge Henley Black
GGOEGAEB031514,Google 3 4 Sleeve Raglan Badge Henley Black
GGOEGAEB031515,Google 3 4 Sleeve Raglan Badge Henley Black
GGOEGAEB031516,Google 3 4 Sleeve Raglan Badge Henley Black
GGOEGAEB031517,Google 3 4 Sleeve Raglan Badge Henley Black
GGOEGAEB084513,BLM Sweatshirt
GGOEGAEB084514,BLM Sweatshirt
GGOEGAEB084515,BLM Sweatshirt
GGOEGAEB084516,BLM Sweatshirt
GGOEGAEB084517,BLM Sweatshirt
GGOEGAEC029113,Google Womens Short Sleeve Shirt Blue
GGOEGAEC029114,Google Womens Short Sleeve Hero Tee Sky Blue
GGOEGAEC029115,Google Womens Short Sleeve Hero Tee Sky Blue
GGOEGAEC029116,Google Womens Short Sleeve Shirt Blue
GGOEGAEC029117,Google Womens Short Sleeve Hero Tee Sky Blue
GGOEGAEC033113,Google Mens Long Sleeve Raglan Ocean Blue
GGOEGAEC033114,Google Mens Long Sleeve Raglan Ocean Blue
GGOEGAEC033115,Google Mens Long Sleeve Raglan Ocean Blue
GGOEGAEC033116,Google Mens Long Sleeve Raglan Ocean Blue
GGOEGAEC033117,Google Mens Long Sleeve Raglan Ocean Blue
GGOEGAEE031013,Google Heavyweight Long Sleeve Hero Tee Burgundy
GGOEGAEE031014,Google Heavyweight Long Sleeve Hero Tee Burgundy
GGOEGAEE031015,Google Heavyweight Long Sleeve Hero Tee Burgundy
GGOEGAEE031016,Google Heavyweight Long Sleeve Hero Tee Burgundy
GGOEGAEE031017,Google Mens Heavyweight Long Sleeve Hero Tee Burgundy
GGOEGAEJ028013,Google Womens Short Sleeve Hero Tee Grey
GGOEGAEJ028014,Google Womens Short Sleeve Hero Tee Grey
GGOEGAEJ028015,Google Womens Short Sleeve Hero Tee Grey
GGOEGAEJ028016,Google Womens Short Sleeve Hero Tee Grey
GGOEGAEJ028017,Google Womens Short Sleeve Hero Tee Grey
GGOEGAEJ028113,Google Womens Short Sleeve Badge Tee Grey
GGOEGAEJ028114,Google Womens Short Sleeve Badge Tee Grey
GGOEGAEJ028115,Google Womens Short Sleeve Badge Tee Grey
GGOEGAEJ028116,Google Womens Short Sleeve Badge Tee Grey
GGOEGAEJ028513,Google  Womens Muscle Tee
GGOEGAEJ028514,Google  Womens Muscle Tee
GGOEGAEJ028515,Google  Womens Muscle Tee
GGOEGAEJ028713,Google Womens Short Sleeve VNeck Tee Dark Grey
GGOEGAEJ028714,Google Womens Short Sleeve VNeck Tee Dark Grey
GGOEGAEJ028715,Google Womens Short Sleeve VNeck Tee Dark Grey
GGOEGAEJ028716,Google Womens Short Sleeve VNeck Tee Dark Grey
GGOEGAEJ028717,Google Womens Short Sleeve VNeck Tee Dark Grey
GGOEGAEJ028813,Google Womens Short Sleeve Shirt Light Grey
GGOEGAEJ028815,Google Womens Short Sleeve Shirt Light Grey
GGOEGAEJ028913,Google Womens Short Sleeve Hero Dark Grey
GGOEGAEJ028914,Google Womens Short Sleeve Shirt Dark Grey
GGOEGAEJ028915,Google Womens Short Sleeve Hero Dark Grey
GGOEGAEJ028916,Google Womens Short Sleeve Hero Dark Grey
GGOEGAEJ028917,Google Womens Short Sleeve Hero Dark Grey
GGOEGAEJ029014,YouTube Womens S S Crew Tee
GGOEGAEJ029813,Google Womens VNeck Tee Grey
GGOEGAEJ029814,Google Womens VNeck Tee Grey
GGOEGAEJ029815,Google Womens VNeck Tee Grey
GGOEGAEJ029816,Google Womens VNeck Tee Grey
GGOEGAEJ029817,Google Womens VNeck Tee Grey
GGOEGAEJ029913,Google Womens VNeck Tee Charcoal
GGOEGAEJ029914,Google Womens VNeck Tee Charcoal
GGOEGAEJ029915,Google Womens VNeck Tee Charcoal
GGOEGAEJ029916,Google Womens VNeck Tee Charcoal
GGOEGAEJ030113,Google Womens Tank Top
GGOEGAEJ030114,Google Womens Tank Top
GGOEGAEJ030115,Google Womens Tank Top Light Gray
GGOEGAEJ030713,Google Mens 3 4 Sleeve Raglan Henley Grey
GGOEGAEJ030714,Google Mens 3 4 Sleeve Raglan Henley Grey
GGOEGAEJ030715,Google Mens 3 4 Sleeve Raglan Henley Grey
GGOEGAEJ030716,Google Mens 3 4 Sleeve Raglan Henley Grey
GGOEGAEJ030717,Google Mens 3 4 Sleeve Raglan Henley Grey
GGOEGAEJ030813,Google Womens Long Sleeve Blended Cardigan Charcoal
GGOEGAEJ030814,Google Womens Long Sleeve Blended Cardigan Charcoal
GGOEGAEJ030815,Google Womens Long Sleeve Blended Cardigan Charcoal
GGOEGAEJ030816,Google Womens Long Sleeve Blended Cardigan Charcoal
GGOEGAEJ030817,Google Womens Long Sleeve Blended Cardigan Charcoal
GGOEGAEJ031313,Google Triblend Hoodie Grey
GGOEGAEJ031314,Google Triblend Hoodie Grey
GGOEGAEJ031315,Google Triblend Hoodie Grey
GGOEGAEJ031316,Google Triblend Hoodie Grey
GGOEGAEJ031317,Google Triblend Hoodie Grey
GGOEGAEJ033313,Google Mens Long Sleeve Pullover Badge Tee Heather
GGOEGAEJ033314,Google Mens Long Sleeve Pullover Badge Tee Heather
GGOEGAEJ033315,Google Mens Long Sleeve Pullover Badge Tee Heather
GGOEGAEJ033316,Google Mens Long Sleeve Pullover Badge Tee Heather
GGOEGAEJ033317,Google Mens Long Sleeve Pullover Badge Tee Heather
GGOEGAEJ035313,Google Vintage Henley Grey Black
GGOEGAEJ035314,Google Vintage Henley Grey Black
GGOEGAEJ035315,Google Vintage Henley Grey Black
GGOEGAEJ035316,Google Vintage Henley Grey Black
GGOEGAEJ035317,Google Vintage Henley Grey Black
GGOEGAEL031113,Google Heavyweight Long Sleeve Hero Tee Navy
GGOEGAEL031114,Google Heavyweight Long Sleeve Hero Tee Navy
GGOEGAEL031115,Google Heavyweight Long Sleeve Hero Tee Navy
GGOEGAEL031116,Google Heavyweight Long Sleeve Hero Tee Navy
GGOEGAEL031117,Google Heavyweight Long Sleeve Hero Tee Navy
GGOEGAEQ027913,Google Womens Short Sleeve Hero Tee White
GGOEGAEQ027914,Google Womens Short Sleeve Hero Tee White
GGOEGAEQ027915,Google Womens Short Sleeve Hero Tee White
GGOEGAEQ027916,Google Womens Short Sleeve Hero Tee White
GGOEGAER029213,Google Womens Short Sleeve Badge Tee Red Heather
GGOEGAER029214,Google Womens Short Sleeve Shirt Red
GGOEGAER029215,Google Womens Short Sleeve Badge Tee Red Heather
GGOEGAER029216,Google Womens Short Sleeve Shirt Red
GGOEGAER029217,Google Womens Short Sleeve Badge Tee Red Heather
GGOEGAER029713,Google Womens Short Sleeve Hero Tee Red Heather
GGOEGAER029714,Google Womens Short Sleeve Hero Tee Red Heather
GGOEGAER029715,Google Womens Short Sleeve Hero Tee Red Heather
GGOEGAER029716,Google Womens Short Sleeve Hero Tee Red Heather
GGOEGAER029717,Google Womens Short Sleeve Hero Tee Red Heather
GGOEGAER033213,Google Mens Long Sleeve Raglan Cranberry
GGOEGAER033214,Google Mens Long Sleeve Raglan Cranberry
GGOEGAER033215,Google Mens Long Sleeve Raglan Cranberry
GGOEGAER033216,Google Mens Long Sleeve Raglan Cranberry
GGOEGAER033217,Google Mens Long Sleeve Raglan Cranberry
GGOEGAER035513,Google Mens Vintage Tank
GGOEGAER035514,Google Mens Vintage Tank
GGOEGAER035515,Google Mens Vintage Tank
GGOEGAER035516,Google Mens Vintage Tank
GGOEGAER035517,Google Mens Vintage Tank
GGOEGAFB035813,Google Mens  Zip Hoodie
GGOEGAFB035814,Google Mens  Zip Hoodie
GGOEGAFB035815,Google Mens  Zip Hoodie
GGOEGAFB035816,Google Mens  Zip Hoodie
GGOEGAFB035817,Google Mens  Zip Hoodie
GGOEGAFJ036213,Google Mens Pullover Hoodie Grey
GGOEGAFJ036214,Google Mens Pullover Hoodie Grey
GGOEGAFJ036215,Google Mens Pullover Hoodie Grey
GGOEGAFJ036216,Google Mens Pullover Hoodie Grey
GGOEGAFJ036217,Google Mens Pullover Hoodie Grey
GGOEGAHB057413,Google Mens Performance Polo Grey Black
GGOEGAHB057414,Google Mens Performance Polo Grey Black
GGOEGAHB057415,Google Mens Performance Polo Grey Black
GGOEGAHB057416,Google Mens Performance Polo Grey Black
GGOEGAHB057417,Google Mens Performance Polo Grey Black
GGOEGAHB057418,Google Mens Performance Polo Grey Black
GGOEGAHX0451,Mens Vector Polo
GGOEGALB034113,Google Womens Vintage Hero Tee Black
GGOEGALB034114,Google Womens Vintage Hero Tee Black
GGOEGALB034115,Google Womens Vintage Hero Tee Black
GGOEGALB034116,Google Womens Vintage Hero Tee Black
GGOEGALB034117,Google Womens Vintage Hero Tee Black
GGOEGALB036513,Google Womens Scoop Neck Tee Black
GGOEGALB036514,Google Womens Scoop Neck Tee Black
GGOEGALB036515,Google Womens Scoop Neck Tee Black
GGOEGALB036516,Google Womens Scoop Neck Tee Black
GGOEGALB036517,Google Womens Scoop Neck Tee Black
GGOEGALB059913,Google Womens Short Sleeve Performance Tee Black
GGOEGALB059914,Google Womens Short Sleeve Performance Tee Black
GGOEGALB059915,Google Womens Short Sleeve Performance Tee Black
GGOEGALB059916,Google Womens Short Sleeve Performance Tee Black
GGOEGALB059917,Google Womens Short Sleeve Performance Tee Black
GGOEGALH036713,Google Womens Scoop Neck Tee Green
GGOEGALH036714,Google Womens Scoop Neck Tee Green
GGOEGALH036715,Google Womens Scoop Neck Tee Green
GGOEGALH036716,Google Womens Scoop Neck Tee Green
GGOEGALH036717,Google Womens Scoop Neck Tee Green
GGOEGALJ034413,Google Womens Vintage Hero Tee Platinum
GGOEGALJ034414,Google Womens Vintage Hero Tee Platinum
GGOEGALJ034415,Google Womens Vintage Hero Tee Platinum
GGOEGALJ034416,Google Womens Vintage Hero Tee Platinum
GGOEGALJ034417,Google Womens Vintage Hero Tee Platinum
GGOEGALJ036413,Google Womens Tee Grey
GGOEGALJ036414,Google Womens Tee Grey
GGOEGALJ036415,Google Womens Tee Grey
GGOEGALJ036416,Google Womens Tee Grey
GGOEGALJ036417,Google Womens Tee Grey
GGOEGALJ057912,Google Womens Short Sleeve Performance Tee Charcoal
GGOEGALJ057913,Google Womens Short Sleeve Performance Tee Charcoal
GGOEGALJ057914,Google Womens Short Sleeve Performance Tee Charcoal
GGOEGALJ057915,Google Womens Short Sleeve Performance Tee Charcoal
GGOEGALJ057916,Google Womens Short Sleeve Performance Tee Charcoal
GGOEGALJ060113,Google Womens Short Sleeve Performance Tee Pewter
GGOEGALJ060114,Google Womens Short Sleeve Performance Tee Pewter
GGOEGALJ060115,Google Womens Short Sleeve Performance Tee Pewter
GGOEGALJ060116,Google Womens Short Sleeve Performance Tee Pewter
GGOEGALJ060117,Google Womens Short Sleeve Performance Tee Pewter
GGOEGALJ072913,Google Womens Performance Hero Tee Gunmetal
GGOEGALJ072914,Google Womens Performance Hero Tee Gunmetal
GGOEGALJ072915,Google Womens Performance Hero Tee Gunmetal
GGOEGALJ072916,Google Womens Performance Hero Tee Gunmetal
GGOEGALJ072917,Google Womens Performance Hero Tee Gunmetal
GGOEGALJ073313,Google Womens Short Sleeve Hero Tee Heather
GGOEGALJ073314,Google Womens Short Sleeve Hero Tee Heather
GGOEGALJ073315,Google Womens Short Sleeve Hero Tee Heather
GGOEGALJ073316,Google Womens Short Sleeve Hero Tee Heather
GGOEGALJ073317,Google Womens Short Sleeve Hero Tee Heather
GGOEGALL060013,Google Womens Short Sleeve Performance Tee Navy
GGOEGALL060014,Google Womens Short Sleeve Performance Tee Navy
GGOEGALL060015,Google Womens Short Sleeve Performance Tee Navy
GGOEGALL060016,Google Womens Short Sleeve Performance Tee Navy
GGOEGALL060017,Google Womens Short Sleeve Performance Tee Navy
GGOEGALL074613,Google Womens Short Sleeve Badge Tee Navy
GGOEGALL074614,Google Womens Short Sleeve Badge Tee Navy
GGOEGALL074615,Google Womens Short Sleeve Badge Tee Navy
GGOEGALL074616,Google Womens Short Sleeve Badge Tee Navy
GGOEGALP034313,Google Womens Vintage Hero Tee Lavender
GGOEGALP034314,Google Womens Vintage Hero Tee Lavender
GGOEGALP034315,Google Womens Vintage Hero Tee Lavender
GGOEGALP034316,Google Womens Vintage Hero Tee Lavender
GGOEGALP034317,Google Womens Vintage Hero Tee Lavender
GGOEGALP036313,Google Womens Long Sleeve Tee Lavender
GGOEGALP036314,Google Womens Long Sleeve Tee Lavender
GGOEGALP036315,Google Womens Long Sleeve Tee Lavender
GGOEGALP036316,Google Womens Long Sleeve Tee Lavender
GGOEGALP036317,Google Womens Long Sleeve Tee Lavender
GGOEGALQ034213,Google Womens Vintage Hero Tee White
GGOEGALQ034214,Google Womens Vintage Hero Tee White
GGOEGALQ034215,Google Womens Vintage Hero Tee White
GGOEGALQ034216,Google Womens Vintage Hero Tee White
GGOEGALQ034217,Google Womens Vintage Hero Tee White
GGOEGALQ036613,Google Womens Scoop Neck Tee White
GGOEGALQ036614,Google Womens Scoop Neck Tee White
GGOEGALQ036615,Google Womens Scoop Neck Tee White
GGOEGALQ036616,Google Womens Scoop Neck Tee White
GGOEGALQ036617,Google Womens Scoop Neck Tee White
GGOEGALQ058113,Google Womens Colorblock Tee White
GGOEGALQ058114,Google Womens Colorblock Tee White
GGOEGALQ058116,Google Womens Colorblock Tee White
GGOEGAPB057512,Womens Weatherblock Shell Jacket Black
GGOEGAPB057513,Womens Weatherblock Shell Jacket Black
GGOEGAPB057514,Womens Weatherblock Shell Jacket Black
GGOEGAPB057515,Womens Weatherblock Shell Jacket Black
GGOEGAPB057516,Womens Weatherblock Shell Jacket Black
GGOEGAPB057517,Womens Weatherblock Shell Jacket Black
GGOEGAPB057613,Google Womens Softshell Jacket Black Grey
GGOEGAPB057614,Google Womens Softshell Jacket Black Grey
GGOEGAPB057615,Google Womens Softshell Jacket Black Grey
GGOEGAPB057812,Womens Performance Full Zip Jacket Black
GGOEGAPB057813,Womens Performance Full Zip Jacket Black
GGOEGAPB057814,Womens Performance Full Zip Jacket Black
GGOEGAPB057815,Womens Performance Full Zip Jacket Black
GGOEGAPB057816,Womens Performance Full Zip Jacket Black
GGOEGAPB057817,Womens Performance Full Zip Jacket Black
GGOEGAPB058212,Google Womens Lightweight Microfleece Jacket
GGOEGAPB058213,Google Womens Lightweight Microfleece Jacket
GGOEGAPB058214,Google Womens Lightweight Microfleece Jacket
GGOEGAPB058215,Google Womens Lightweight Microfleece Jacket
GGOEGAPB058216,Google Womens Lightweight Microfleece Jacket
GGOEGAPB058217,Google Womens Lightweight Microfleece Jacket
GGOEGAPB058612,Google Womens Yoga Jacket Black
GGOEGAPB058613,Google Womens Yoga Jacket Black
GGOEGAPB058614,Google Womens Yoga Jacket Black
GGOEGAPB058615,Google Womens Yoga Jacket Black
GGOEGAPB058616,Google Womens Yoga Jacket Black
GGOEGAPB058617,Google Womens Yoga Jacket Black
GGOEGAPC058812,Google Womens Shell Jacket Blue Black
GGOEGAPC058813,Google Womens Shell Jacket Blue Black
GGOEGAPC058814,Google Womens Shell Jacket Blue Black
GGOEGAPC058815,Google Womens Shell Jacket Blue Black
GGOEGAPC058816,Google Womens Shell Jacket Blue Black
GGOEGAPC058817,Google Womens Shell Jacket Blue Black
GGOEGAPJ058012,Google Womens 1 4 Zip Jacket Charcoal
GGOEGAPJ058013,Google Womens 1 4 Zip Jacket Charcoal
GGOEGAPJ058014,Google Womens 1 4 Zip Jacket Charcoal
GGOEGAPJ058015,Google Womens 1 4 Zip Jacket Charcoal
GGOEGAPJ058016,Google Womens 1 4 Zip Jacket Charcoal
GGOEGAPJ058017,Google Womens 1 4 Zip Jacket Charcoal
GGOEGAPL058512,Google Womens Insulated Thermal Vest Navy
GGOEGAPL058513,Google Womens Insulated Thermal Vest Navy
GGOEGAPL058514,Google Womens Insulated Thermal Vest Navy
GGOEGAPL058515,Google Womens Insulated Thermal Vest Navy
GGOEGAPL058516,Google Womens Insulated Thermal Vest Navy
GGOEGAPL058517,Google Womens Insulated Thermal Vest Navy
GGOEGAPX0452,Womens Mistral Shell Jacket
GGOEGAPX0459,Womens Traverse Microfleece
GGOEGAPX0466,Mens Google S S  Mesh Performance Tee
GGOEGAPX0467,Mens Google S S  Mesh Performance Tee
GGOEGAPX0468,Mens Google Channel Flow Pullover
GGOEGAPX0469,Mens Google Microtherm Pullover
GGOEGAPX0470,Mens Google Quilted Thermolite Vest
GGOEGAPX0471,Mens Google Convertible Jacket Vest
GGOEGAPX0474,Womens Google 1 4 Zip Performance Pullover
GGOEGAPX0475,Womens Google Quillted Thermolite Vest
GGOEGAQB036013,Google Womens Fleece Hoodie
GGOEGAQB036014,Google Womens Fleece Hoodie
GGOEGAQB036015,Google Womens Fleece Hoodie
GGOEGAQB036016,Google Womens Fleece Hoodie
GGOEGAQB036017,Google Womens Fleece Hoodie
GGOEGAQJ058713,Google Womens Zip Hoodie Grey
GGOEGAQJ058714,Google Womens Zip Hoodie Grey
GGOEGAQJ058715,Google Womens Zip Hoodie Grey
GGOEGAQJ058716,Google Womens Zip Hoodie Grey
GGOEGARJ058413,Google Womens Yoga Pants
GGOEGARJ058414,Google Womens Yoga Pants
GGOEGARJ058415,Google Womens Yoga Pants
GGOEGATB060213,Google Womens 1 4 Zip Performance Pullover Black
GGOEGATB060214,Google Womens 1 4 Zip Performance Pullover Black
GGOEGATB060215,Google Womens 1 4 Zip Performance Pullover Black
GGOEGATB060216,Google Womens 1 4 Zip Performance Pullover Black
GGOEGATB060217,Google Womens 1 4 Zip Performance Pullover Black
GGOEGATB060413,Google Womens Quilted Insulated Vest Black
GGOEGATB060414,Google Womens Quilted Insulated Vest Black
GGOEGATB060415,Google Womens Quilted Insulated Vest Black
GGOEGATB060416,Google Womens Quilted Insulated Vest Black
GGOEGATB060417,Google Womens Quilted Insulated Vest Black
GGOEGATB060418,Google Womens Quilted Insulated Vest Black
GGOEGATB060613,Google Womens Convertible VestJacket Black
GGOEGATB060614,Google Womens Convertible VestJacket Black
GGOEGATB060615,Google Womens Convertible VestJacket Black
GGOEGATB060616,Google Womens Convertible VestJacket Black
GGOEGATB060617,Google Womens Convertible VestJacket Black
GGOEGATC060313,Google Womens 1 4 Zip Performance Pullover TwoTone Blue
GGOEGATC060314,Google Womens 1 4 Zip Performance Pullover TwoTone Blue
GGOEGATC060315,Google Womens 1 4 Zip Performance Pullover TwoTone Blue
GGOEGATC060316,Google Womens 1 4 Zip Performance Pullover TwoTone Blue
GGOEGATC060317,Google Womens 1 4 Zip Performance Pullover TwoTone Blue
GGOEGATH060713,Google Womens Convertible VestJacket Sea Foam Green
GGOEGATH060714,Google Womens Convertible VestJacket Sea Foam Green
GGOEGATH060715,Google Womens Convertible VestJacket Sea Foam Green
GGOEGATH060716,Google Womens Convertible VestJacket Sea Foam Green
GGOEGATH060717,Google Womens Convertible VestJacket Sea Foam Green
GGOEGATJ060513,Google Womens Quilted Insulated Vest White
GGOEGATJ060514,Google Womens Quilted Insulated Vest White
GGOEGATJ060515,Google Womens Quilted Insulated Vest White
GGOEGATJ060516,Google Womens Quilted Insulated Vest White
GGOEGAUB058312,Google Womens Performance Polo Grey Black
GGOEGAUB058313,Google Womens Performance Polo Grey Black
GGOEGAUB058314,Google Womens Performance Polo Grey Black
GGOEGAUB058315,Google Womens Performance Polo Grey Black
GGOEGAUB058316,Google Womens Performance Polo Grey Black
GGOEGAUB058317,Google Womens Performance Polo Grey Black
GGOEGAUC057712,Google Womens Performance Golf Polo Blue
GGOEGAUC057713,Google Womens Performance Golf Polo Blue
GGOEGAUC057714,Google Womens Performance Golf Polo Blue
GGOEGAUC057715,Google Womens Performance Golf Polo Blue
GGOEGAUC057716,Google Womens Performance Golf Polo Blue
GGOEGAUC057717,Google Womens Performance Golf Polo Blue
GGOEGAUX0454,Womens Piranha Performance Polo
GGOEGAUX0460,Womens Vector Polo
GGOEGAWC061248,Google Onesie Royal Blue
GGOEGAWC061249,Google Onesie Royal Blue
GGOEGAWC061250,Google Onesie Royal Blue
GGOEGAWC061253,Google Onesie Royal Blue
GGOEGAWC061254,Google Onesie Royal Blue
GGOEGAWC061948,Google Infant Short Sleeve Tee Royal Blue
GGOEGAWC061949,Google Infant Short Sleeve Tee Royal Blue
GGOEGAWC061950,Google Infant Short Sleeve Tee Royal Blue
GGOEGAWC062148,Google Infant Short Sleeve Tee Cornflower Blue
GGOEGAWC062149,Google Infant Short Sleeve Tee Cornflower Blue
GGOEGAWC062150,Google Infant Short Sleeve Tee Cornflower Blue
GGOEGAWC062848,Google Infant Zip Hood Royal Blue
GGOEGAWC062849,Google Infant Zip Hood Royal Blue
GGOEGAWC062850,Google Infant Zip Hood Royal Blue
GGOEGAWH061348,Google Onesie Green
GGOEGAWH061349,Google Onesie Green
GGOEGAWH061350,Google Onesie Green
GGOEGAWH061353,Google Onesie Green
GGOEGAWH061354,Google Onesie Green
GGOEGAWN062748,Google Infant Zip Hood Pink
GGOEGAWN062749,Google Infant Zip Hood Pink
GGOEGAWN062750,Google Infant Zip Hood Pink
GGOEGAWQ062248,Google Infant Short Sleeve Tee White
GGOEGAWQ062249,Google Infant Short Sleeve Tee White
GGOEGAWQ062250,Google Infant Short Sleeve Tee White
GGOEGAWQ062948,Google Baby Essentials Set
GGOEGAWQ062949,Google Baby Essentials Set
GGOEGAWQ062953,Google Baby Essentials Set
GGOEGAWR061048,Google Onesie Red Graphite
GGOEGAWR061049,Google Onesie Red Graphite
GGOEGAWR061050,Google Onesie Red Graphite
GGOEGAWR061053,Google Onesie Red Graphite
GGOEGAWR061148,Google Onesie Red
GGOEGAWR061149,Google Onesie Red
GGOEGAWR061150,Google Onesie Red
GGOEGAWR061153,Google Onesie Red
GGOEGAWR061154,Google Onesie Red
GGOEGAWR061848,Google Infant Short Sleeve Tee Red
GGOEGAWR061849,Google Infant Short Sleeve Tee Red
GGOEGAWR061850,Google Infant Short Sleeve Tee Red
GGOEGAXC065228,Google Toddler Short Sleeve Tshirt Royal Blue
GGOEGAXC065229,Google Toddler Short Sleeve Tshirt Royal Blue
GGOEGAXC065230,Google Toddler Short Sleeve Tshirt Royal Blue
GGOEGAXC065255,Google Toddler Short Sleeve Tshirt Royal Blue
GGOEGAXC065628,Google Toddler Hoodie Royal Blue
GGOEGAXC065629,Google Toddler Hoodie Royal Blue
GGOEGAXC065630,Google Toddler Hoodie Royal Blue
GGOEGAXC065655,Google Toddler Hoodie Royal Blue
GGOEGAXC074828,Google Toddler Tee Fruit Games Cherries
GGOEGAXC074829,Google Toddler Tee Fruit Games Cherries
GGOEGAXC074830,Google Toddler Tee Fruit Games Cherries
GGOEGAXC074855,Google Toddler Tee Fruit Games Cherries
GGOEGAXC075128,Google Toddler Tee Fruit Games Lemon
GGOEGAXC075155,Google Toddler Tee Fruit Games Lemon
GGOEGAXH065328,Google Toddler Short Sleeve Tshirt Green
GGOEGAXH065329,Google Toddler Short Sleeve Tshirt Green
GGOEGAXH065330,Google Toddler Short Sleeve Tshirt Green
GGOEGAXH065355,Google Toddler Short Sleeve Tshirt Green
GGOEGAXH074728,Google Toddler Tee Fruit Games Pineapple
GGOEGAXH074729,Google Toddler Tee Fruit Games Pineapple
GGOEGAXH074730,Google Toddler Tee Fruit Games Pineapple
GGOEGAXH074755,Google Toddler Tee Fruit Games Pineapple
GGOEGAXJ065528,Google Toddler Short Sleeve Tshirt Grey
GGOEGAXJ065529,Google Toddler Short Sleeve Tshirt Grey
GGOEGAXJ065530,Google Toddler Short Sleeve Tshirt Grey
GGOEGAXJ065555,Google Toddler Short Sleeve Tshirt Grey
GGOEGAXJ065728,Google Toddler 1 4 Zip Fleece Pewter
GGOEGAXJ065729,Google Toddler 1 4 Zip Fleece Pewter
GGOEGAXJ065730,Google Toddler 1 4 Zip Fleece Pewter
GGOEGAXJ065755,Google Toddler 1 4 Zip Fleece Pewter
GGOEGAXL065928,Google Toddler Raglan Shirt Blue Heather Navy
GGOEGAXL065929,Google Toddler Raglan Shirt Blue Heather Navy
GGOEGAXL065930,Google Toddler Raglan Shirt Blue Heather Navy
GGOEGAXL065955,Google Toddler Raglan Shirt Blue Heather Navy
GGOEGAXQ067128,Google Toddler Short Sleeve Tee White
GGOEGAXQ067129,Google Toddler Short Sleeve Tee White
GGOEGAXQ067130,Google Toddler Short Sleeve Tee White
GGOEGAXQ067155,Google Toddler Short Sleeve Tee White
GGOEGAXR065128,Google Toddler Short Sleeve Tee Red
GGOEGAXR065129,Google Toddler Short Sleeve Tee Red
GGOEGAXR065130,Google Toddler Short Sleeve Tee Red
GGOEGAXR065155,Google Toddler Short Sleeve Tee Red
GGOEGAXR066028,Google Toddler Sports Tshirt Red
GGOEGAXR066029,Google Toddler Sports Tshirt Red
GGOEGAXR066030,Google Toddler Sports Tshirt Red
GGOEGAXR066055,Google Toddler Sports Tshirt Red
GGOEGAXR074928,Google Toddler Tee Fruit Games Banana
GGOEGAXR074929,Google Toddler Tee Fruit Games Banana
GGOEGAXR074930,Google Toddler Tee Fruit Games Banana
GGOEGAXR074955,Google Toddler Tee Fruit Games Banana
GGOEGAXT065428,Google Toddler Short Sleeve Tshirt Yellow
GGOEGAXT065429,Google Toddler Short Sleeve Tshirt Yellow
GGOEGAXT065430,Google Toddler Short Sleeve Tshirt Yellow
GGOEGAXT065455,Google Toddler Short Sleeve Tshirt Yellow
GGOEGAXT075028,Google Toddler Tee Fruit Games Strawberry
GGOEGAXT075029,Google Toddler Tee Fruit Games Strawberry
GGOEGAXT075030,Google Toddler Tee Fruit Games Strawberry
GGOEGAXT075055,Google Toddler Tee Fruit Games Strawberry
GGOEGAYB068024,Google Youth Baseball Raglan Heather Black
GGOEGAYB068025,Google Youth Baseball Raglan Heather Black
GGOEGAYB068026,Google Youth Baseball Raglan Heather Black
GGOEGAYB068056,Google Youth Baseball Raglan Heather Black
GGOEGAYC068324,Google Youth Short Sleeve Tshirt Royal Blue
GGOEGAYC068325,Google Youth Short Sleeve Tshirt Royal Blue
GGOEGAYC068326,Google Youth Short Sleeve Tshirt Royal Blue
GGOEGAYC068356,Google Youth Short Sleeve Tshirt Royal Blue
GGOEGAYC075324,Google Youth Tee Fruit Games Cherries
GGOEGAYC075325,Google Youth Tee Fruit Games Cherries
GGOEGAYC075326,Google Youth Tee Fruit Games Cherries
GGOEGAYC075356,Google Youth Tee Fruit Games Cherries
GGOEGAYC075624,Google Youth Tee Fruit Games Lemon
GGOEGAYC075625,Google Youth Tee Fruit Games Lemon
GGOEGAYC075626,Google Youth Tee Fruit Games Lemon
GGOEGAYH067924,Google Youth Girl Tee Green
GGOEGAYH067925,Google Youth Girl Tee Green
GGOEGAYH067926,Google Youth Girl Tee Green
GGOEGAYH067956,Google Youth Girl Tee Green
GGOEGAYH068424,Google Youth Short Sleeve Tshirt Green
GGOEGAYH068425,Google Youth Short Sleeve Tshirt Green
GGOEGAYH068426,Google Youth Short Sleeve Tshirt Green
GGOEGAYH068456,Google Youth Short Sleeve Tshirt Green
GGOEGAYH075224,Google Youth Tee Fruit Games Pineapple
GGOEGAYH075225,Google Youth Tee Fruit Games Pineapple
GGOEGAYH075226,Google Youth Tee Fruit Games Pineapple
GGOEGAYL068124,Google Youth Sports Tee Navy
GGOEGAYL068125,Google Youth Sports Tee Navy
GGOEGAYL068126,Google Youth Sports Tee Navy
GGOEGAYL068156,Google Youth Sports Tee Navy
GGOEGAYQ068924,Google Youth Girl Hoodie
GGOEGAYQ068925,Google Youth Girl Hoodie
GGOEGAYQ068926,Google Youth Girl Hoodie
GGOEGAYQ068956,Google Youth Girl Hoodie
GGOEGAYQ069024,Google Youth Short Sleeve Tee White
GGOEGAYQ069025,Google Youth Short Sleeve Tee White
GGOEGAYQ069026,Google Youth Short Sleeve Tee White
GGOEGAYQ069056,Google Youth Short Sleeve Tee White
GGOEGAYR023499,Straw Beach Mat
GGOEGAYR068224,Google Youth Short Sleeve Tee Red
GGOEGAYR068225,Google Youth Short Sleeve Tee Red
GGOEGAYR068226,Google Youth Short Sleeve Tee Red
GGOEGAYR068256,Google Youth Short Sleeve Tee Red
GGOEGAYR075424,Google Youth Tee Fruit Games Banana
GGOEGAYR075425,Google Youth Tee Fruit Games Banana
GGOEGAYR075426,Google Youth Tee Fruit Games Banana
GGOEGAYT068524,Google Youth Short Sleeve Tshirt Yellow
GGOEGAYT068525,Google Youth Short Sleeve Tshirt Yellow
GGOEGAYT068526,Google Youth Short Sleeve Tshirt Yellow
GGOEGAYT068556,Google Youth Short Sleeve Tshirt Yellow
GGOEGAYT075525,Google Youth Tee Fruit Games Strawberry
GGOEGAYT075526,Google Youth Tee Fruit Games Strawberry
GGOEGAYT075556,Google Youth Tee Fruit Games Strawberry
GGOEGBCR024399,Google Lunch Bag
GGOEGBFC018799,Electronics Accessory Pouch
GGOEGBJB022599,Large Zipper Top Tote Bag
GGOEGBJC014399,Google Tote Bag
GGOEGBJC019999,Collapsible Shopping Bag
GGOEGBJC076099,Google Canvas Tote Fruit Games Lemon
GGOEGBJL013999,Google Canvas Tote Natural Navy
GGOEGBJR018199,Reusable Shopping Bag
GGOEGBMB073599,Google Collapsible Duffel Black
GGOEGBMB073799,Google Zipperfront Sports Bag
GGOEGBMC056599,Waterproof Gear Bag
GGOEGBMC073699,Google Collapsible Duffel Blue
GGOEGBMJ013399,Sport Bag
GGOEGBPB021199,Google Slim Utility Travel Bag
GGOEGBPB081999,UpCycled Bike Saddle Bag
GGOEGBPB082099,UpCycled Handlebar Bag
GGOEGBRA037499,Waterproof Backpack
GGOEGBRB013899,Google Laptop Backpack
GGOEGBRB073899,Google Laptop Tech Backpack
GGOEGBRB079599,25L Classic Rucksack
GGOEGBRC021399,Yoga Mat Blue
GGOEGBRD079699,25L Classic Rucksack
GGOEGBRJ037299,Google Alpine Style Backpack
GGOEGBRJ037399,Google Rucksack
GGOEGBRP037599,Yoga Mat Purple
GGOEGCBB074199,Google Car Clip Phone Holder
GGOEGCBB074399,Google Device Holder Sticky Pad
GGOEGCBC016999,Google Pet Feeding Mat
GGOEGCBC074299,Google Device Stand
GGOEGCBN016899,Google Pet Feeding Mat
GGOEGCBQ016499,SPF15 Slim & Slender Lip Balm
GGOEGCGB022199,Fashion Sunglasses & Pouch
GGOEGCKQ013199,1 oz Hand Sanitizer
GGOEGCLB020832,Softsided Travel Pouch Set
GGOEGCMB020932,Suitcase Organizer Cubes
GGOEGCNB021099,Seat Pack Organizer
GGOEGCVB072399,Google Executive Umbrella
GGOEGDHA018899,Stadium CupsSets of 4
GGOEGDHB071999,Google 40 oz Insulated Monster Bottle
GGOEGDHB072099,Google Insulated Stainless Steel Bottle
GGOEGDHB072199,Google Accent Insulated Stainless Steel Bottle
GGOEGDHC015299,23 oz Wide Mouth Sport Bottle
GGOEGDHC017999,24 oz USA Made Aluminum Bottle
GGOEGDHC018299,Google 22 oz Water Bottle
GGOEGDHC022999,Insulated Bottle
GGOEGDHC074099,Google 17oz Stainless Steel Sport Bottle
GGOEGDHC082299,Google 25 oz Blue Stainless Steel Bottle
GGOEGDHG014499,Google InfuserTop Water Bottle
GGOEGDHG082499,Google 25 oz Clear Stainless Steel Bottle
GGOEGDHJ023099,Insulated Bottle
GGOEGDHJ082599,Google 17 oz Double Wall Stainless Steel Insulated Bottle
GGOEGDHQ014899,20 oz Stainless Steel Insulated Tumbler
GGOEGDHQ015399,26 oz Double Wall Insulated Bottle
GGOEGDHR018499,Google 22 oz Water Bottle
GGOEGDHR082199,Google 25 oz Red Stainless Steel Bottle
GGOEGDWC020199,Engraved Ceramic Google Mug
GGOEGDWR015799,Red Shine 15 oz Mug
GGOEGEDQ023899,4in1 Carabiner Charger
GGOEGEFQ071399,Google Phone Sanitizer
GGOEGEFR024199,Metal Earbuds with Small Zipper Case
GGOEGEGQ024299,Grip Kit Cable Organizer
GGOEGEHB071499,Google PowerKit
GGOEGEHQ024099,Clipon Compact Charger
GGOEGEHQ071199,"Google High Capacity 10,400mAh Charger"
GGOEGEHQ072499,Google 2200mAh Micro Charger
GGOEGEHQ072599,Google 4400mAh Power Bank
GGOEGESB015099,Basecamp Explorer Powerbank Flashlight
GGOEGESB015199,Google Flashlight
GGOEGESC014099,Rocket Flashlight
GGOEGESC014699,Aluminum Handy Emergency Flashlight
GGOEGESQ016799,Plastic Sliding Flashlight
GGOEGETB023799,Google Power Bank
GGOEGETR014599,Google Tube Power Bank
GGOEGEVA022399,Micro Wireless Earbud
GGOEGEVB070499,Google Bluetooth Headphones
GGOEGEVB070599,Google G Noisereducing Bluetooth Headphones
GGOEGEVB070699,Google Bluetooth SpeakerPower Bank
GGOEGEVB070899,Google Bongo Cupholder Bluetooth Speaker
GGOEGEVB071299,Digital Lightshow Smart Speaker and Notification Center
GGOEGEVB071799,Google Pocket Bluetooth Speaker
GGOEGEVJ023999,Compact Bluetooth Speaker
GGOEGEVR014999,Google Water Resistant Bluetooth Speaker
GGOEGFAQ016699,Bottle Opener Clip
GGOEGFKA022299,Keyboard DOT Sticker
GGOEGFKQ020399,Google Laptop and Cell Phone Stickers
GGOEGFKQ020799,Google Doodle Decal
GGOEGFPR113699,16 oz. Hot and Cold Tumbler
GGOEGFQB013799,Compact Selfie Stick
GGOEGFSR022099,Google Kick Ball
GGOEGFYQ016599,Foam Can and Bottle Cooler
GGOEGGCX056199,Gift Card $100.00
GGOEGGCX056299,Gift Card  $25.00
GGOEGGCX056399,Gift Card  $250.00
GGOEGGCX056499,Gift Card  $50.00
GGOEGGOA017399,Maze Pen
GGOEGHGC019799,Google Sunglasses
GGOEGHGH019699,Google Sunglasses
GGOEGHGR019499,Google Sunglasses
GGOEGHGT019599,Google Sunglasses
GGOEGHPA002910,Google Trucker Hat
GGOEGHPA003010,Google Wool Heather Cap Heather Navy
GGOEGHPB003410,Google Snapback Hat Black
GGOEGHPB071610,Google Twill Cap
GGOEGHPB080410,Google 5Panel Snapback Cap
GGOEGHPJ080010,Google French Terry Cap
GGOEGHPJ080110,Google 5Panel Cap
GGOEGHPJ080310,Google Blackout Cap
GGOEGHPL003113,Google Stretch Fit Hat S M Navy
GGOEGHPL003214,Google Stretch Fit Hat M L Navy
GGOEGHPL003315,Google Stretch Fit Hat L XL Navy
GGOEGKAA019299,Switch Tone Color Crayon Pen
GGOEGKWQ060910,Google Bib White
GGOEGKWR060810,Google Bib Red
GGOEGOAA017099,Ballpoint Stick Pen 4 Pack
GGOEGOAA017199,Rubber Grip Ballpoint Pen 4 Pack
GGOEGOAB012999,Ballpoint Pen & Matching Tube Case
GGOEGOAB015899,Rainbow Stylus Pen
GGOEGOAB016099,Leather and Metal Ballpoint Pen
GGOEGOAB021499,Metal Texture Roller Pen
GGOEGOAB021699,Google Ballpoint Pen Black
GGOEGOAB022499,Satin Black Ballpoint Pen
GGOEGOAC016199,Executive Twist Ballpoint Pen
GGOEGOAC021799,Ballpoint Pen Blue
GGOEGOAJ021599,Gunmetal Roller Ball Pen
GGOEGOAQ012899,Ballpoint LED Light Pen
GGOEGOAQ015999,Gel Roller Pen
GGOEGOAQ018099,Pen Pencil & Highlighter Set
GGOEGOAQ020099,Four Color Retractable Pen
GGOEGOAR013099,Google Stylus Pen w  LED Light
GGOEGOAR013599,Ballpoint Stylus Pen
GGOEGOAR021899,Retractable Ballpoint Pen Red
GGOEGOAR021999,Color Changing Grip Pen
GGOEGOBC078699,Google Luggage Tag
GGOEGOBG023599,Colored Pencil Set
GGOEGOCB017499,Leatherette Journal
GGOEGOCB078299,Google Leather JournalBlack
GGOEGOCC017599,Recycled Paper Journal Set
GGOEGOCC017699,Compact Journal with Recycled Pages
GGOEGOCC077299,Google RFID Journal
GGOEGOCC077999,Google Spiral Journal with Pen
GGOEGOCD078199,Google Leather JournalBrown
GGOEGOCD078399,Google Leather Perforated Journal
GGOEGOCL077699,Google Hard Cover Journal
GGOEGOCR017899,Recycled Paper Journal Set
GGOEGOCR078499,Google Spiral Leather Journal
GGOEGOCT019199,Red Spiral Google Notebook
GGOEGODR017799,Recycled Mouse Pad
GGOEGOFH020299,Galaxy Screen Cleaning Cloth
GGOEGOGA016299,Grip Highlighter Pen 3 Pack
GGOEGOLC013299,Spiral Notebook and Pen Set
GGOEGOLC014299,Google Metallic Notebook Set
GGOEGOXQ016399,Badge Holder
GGOEGPJC019099,7&quot; Dog Frisbee
GGOEGPJC203399,Crunch Noise Dog Toy
GGOEGPJR018999,7&quot; Dog Frisbee
GGOEGPXC023299,Google Collapsible Pet Bowl
GGOEGPXR023199,Google Collapsible Pet Bowl
GGOEGXXX0806,Google Mens Bike Short Sleeve Tee Charcoal
GGOEGXXX0807,Google Mens Around The Block Short Sleeve Tee Ash
GGOEGXXX0845,BLM Sweatshirt
GGOEWAAJ082813,Waze Mens Short Sleeve Tee
GGOEWAAJ082814,Waze Mens Short Sleeve Tee
GGOEWAAJ082815,Waze Mens Short Sleeve Tee
GGOEWAAJ082816,Waze Mens Short Sleeve Tee
GGOEWAAJ082817,Waze Mens Short Sleeve Tee
GGOEWAAJ083513,Waze Mens Typography Short Sleeve Tee
GGOEWAAJ083514,Waze Mens Typography Short Sleeve Tee
GGOEWAAJ083515,Waze Mens Typography Short Sleeve Tee
GGOEWAAJ083516,Waze Mens Typography Short Sleeve Tee
GGOEWAAJ083517,Waze Mens Typography Short Sleeve Tee
GGOEWAEA083899,Waze Dress Socks
GGOEWALJ082713,Waze Womens Short Sleeve Tee
GGOEWALJ082714,Waze Womens Short Sleeve Tee
GGOEWALJ082715,Waze Womens Short Sleeve Tee
GGOEWALJ082716,Waze Womens Short Sleeve Tee
GGOEWALJ082717,Waze Womens Short Sleeve Tee
GGOEWALJ083413,Waze Womens Typography Short Sleeve Tee
GGOEWALJ083414,Waze Womens Typography Short Sleeve Tee
GGOEWALJ083415,Waze Womens Typography Short Sleeve Tee
GGOEWALJ083416,Waze Womens Typography Short Sleeve Tee
GGOEWALJ083417,Waze Womens Typography Short Sleeve Tee
GGOEWCKQ085457,Waze Pack of 9 Decal Set
GGOEWEBB082699,Waze Mobile Phone Vent Mount
GGOEWFKA082999,Waze Baby on Board Window Decal
GGOEWFKA083099,Waze Mood Happy Window Decal
GGOEWFKA083199,Waze Mood Original Window Decal
GGOEWFKA083299,Waze Mood Ninja Window Decal
GGOEWXXX0827,Waze Womens Short Sleeve Tee
GGOEWXXX0828,Waze Mens Short Sleeve Tee
GGOEWXXX0834,Waze Womens Typography Short Sleeve Tee
GGOEWXXX0835,Waze Mens Typography Short Sleeve Tee
GGOEYAAB031813,YouTube Mens Short Sleeve Hero Tee Black
GGOEYAAB031814,YouTube Mens Short Sleeve Hero Tee Black
GGOEYAAB031815,YouTube Mens Short Sleeve Hero Tee Black
GGOEYAAB031816,YouTube Mens Short Sleeve Hero Tee Black
GGOEYAAB031817,YouTube Mens Short Sleeve Hero Tee Black
GGOEYAAB034613,YouTube Mens Vintage Tee
GGOEYAAB034614,YouTube Mens Vintage Tee
GGOEYAAB034615,YouTube Mens Vintage Tee
GGOEYAAB034616,YouTube Mens Vintage Tee
GGOEYAAB034617,YouTube Mens Vintage Tee
GGOEYAAJ032513,YouTube Mens Short Sleeve Hero Tee Charcoal
GGOEYAAJ032514,YouTube Mens Short Sleeve Hero Tee Charcoal
GGOEYAAJ032515,YouTube Mens Short Sleeve Hero Tee Charcoal
GGOEYAAJ032516,YouTube Mens Short Sleeve Hero Tee Charcoal
GGOEYAAJ032517,YouTube Mens Short Sleeve Hero Tee Charcoal
GGOEYAAJ033013,YouTube Mens Skater Tee Charcoal
GGOEYAAJ033014,YouTube Mens Skater Tee Charcoal
GGOEYAAJ033015,YouTube Mens Skater Tee Charcoal
GGOEYAAJ033016,YouTube Mens Skater Tee Charcoal
GGOEYAAJ033017,YouTube Mens Skater Tee Charcoal
GGOEYAAQ031713,YouTube Mens Short Sleeve Hero Tee White
GGOEYAAQ031714,YouTube Mens Short Sleeve Hero Tee White
GGOEYAAQ031715,YouTube Mens Short Sleeve Hero Tee White
GGOEYAAQ031716,YouTube Mens Short Sleeve Hero Tee White
GGOEYAAQ031717,YouTube Mens Short Sleeve Hero Tee  White
GGOEYAEA030513,YouTube Womens 3 4 Sleeve Baseball Raglan White Black
GGOEYAEA030514,YouTube Womens 3 4 Sleeve Baseball Raglan White Black
GGOEYAEA030515,YouTube Womens 3 4 Sleeve Baseball Raglan White Black
GGOEYAEA030516,YouTube Womens 3 4 Sleeve Baseball Raglan White Black
GGOEYAEA030517,YouTube Womens 3 4 Sleeve Baseball Raglan White Black
GGOEYAEA035113,YouTube Mens Vintage Henley
GGOEYAEA035114,YouTube Mens Vintage Henley
GGOEYAEA035115,YouTube Mens Vintage Henley
GGOEYAEA035116,YouTube Mens Vintage Henley
GGOEYAEA035117,YouTube Mens Vintage Henley
GGOEYAEB028413,Womens YouTube Short Sleeve Hero Tee Black
GGOEYAEB028414,Womens YouTube Short Sleeve Hero Tee Black
GGOEYAEB028415,Womens YouTube Short Sleeve Hero Tee Black
GGOEYAEB028416,Womens YouTube Short Sleeve Hero Tee Black
GGOEYAEB030013,YouTube Womens Racer Back Tank Black
GGOEYAEB030014,YouTube Womens Racer Back Tank Black
GGOEYAEB030015,YouTube Womens Racer Back Tank Black
GGOEYAEB030016,YouTube Womens Racer Back Tank Black
GGOEYAEB031413,YouTube Mens 3 4 Sleeve Henley
GGOEYAEB031414,YouTube Mens 3 4 Sleeve Henley
GGOEYAEB031415,YouTube Mens 3 4 Sleeve Henley
GGOEYAEB031416,YouTube Mens 3 4 Sleeve Henley
GGOEYAEB031417,YouTube Mens 3 4 Sleeve Henley
GGOEYAEB035613,YouTube Mens Vintage Tank
GGOEYAEB035614,YouTube Mens Vintage Tank
GGOEYAEB035615,YouTube Mens Vintage Tank
GGOEYAEB035616,YouTube Mens Vintage Tank
GGOEYAEB035617,YouTube Mens Vintage Tank
GGOEYAEJ029013,YouTube Womens Short Sleeve Hero Tee Charcoal
GGOEYAEJ029014,YouTube Womens Short Sleeve Hero Tee Charcoal
GGOEYAEJ029015,YouTube Womens Short Sleeve Hero Tee Charcoal
GGOEYAEJ029016,YouTube Womens S S Crew Tee
GGOEYAEJ029017,YouTube Womens S S Crew Tee
GGOEYAEJ029513,YouTube Womens Short Sleeve Triblend Badge Tee Charcoal
GGOEYAEJ029514,YouTube Womens Short Sleeve Triblend Badge Tee Charcoal
GGOEYAEJ029515,YouTube Womens Short Sleeve Triblend Badge Tee Charcoal
GGOEYAEJ029516,YouTube Womens Short Sleeve Triblend Badge Tee Charcoal
GGOEYAEJ029517,YouTube Womens Short Sleeve Triblend Badge Tee Charcoal
GGOEYAEJ029613,YouTube Womens Short Sleeve Triblend Badge Tee Grey
GGOEYAEJ029614,YouTube Womens Short Sleeve Triblend Badge Tee Grey
GGOEYAEJ029615,YouTube Womens Short Sleeve Triblend Badge Tee Grey
GGOEYAEJ029616,YouTube Womens Short Sleeve Triblend Badge Tee Grey
GGOEYAEJ029617,YouTube Womens Short Sleeve Triblend Badge Tee Grey
GGOEYAEJ033513,YouTube Mens Long Sleeve Pullover Badge Tee Heather
GGOEYAEJ033514,YouTube Mens Long Sleeve Pullover Badge Tee Heather
GGOEYAEJ033515,YouTube Mens Long Sleeve Pullover Badge Tee Heather
GGOEYAEJ033516,YouTube Mens Long Sleeve Pullover Badge Tee Heather
GGOEYAEJ033517,YouTube Mens Long Sleeve Pullover Badge Tee Heather
GGOEYAFB073113,YouTube Mens Fleece Hoodie Black
GGOEYAFB073114,YouTube Mens Fleece Hoodie Black
GGOEYAFB073115,YouTube Mens Fleece Hoodie Black
GGOEYAFB073116,YouTube Mens Fleece Hoodie Black
GGOEYAFB073117,YouTube Mens Fleece Hoodie Black
GGOEYAQB073213,YouTube Womens Fleece Hoodie Black
GGOEYAQB073214,YouTube Womens Fleece Hoodie Black
GGOEYAQB073215,YouTube Womens Fleece Hoodie Black
GGOEYAQB073216,YouTube Womens Fleece Hoodie Black
GGOEYAQB073217,YouTube Womens Fleece Hoodie Black
GGOEYAWJ061448,YouTube Onesie Heather
GGOEYAWJ061449,YouTube Onesie Heather
GGOEYAWJ061450,YouTube Onesie Heather
GGOEYAWJ061453,YouTube Onesie Heather
GGOEYAWJ061454,YouTube Onesie Heather
GGOEYAWR062348,YouTube Infant Short Sleeve Tee Red
GGOEYAWR062349,YouTube Infant Short Sleeve Tee Red
GGOEYAWR062350,YouTube Infant Short Sleeve Tee Red
GGOEYAXR066128,You Tube Toddler Short Sleeve Tee Red
GGOEYAXR066129,You Tube Toddler Short Sleeve Tee Red
GGOEYAXR066130,You Tube Toddler Short Sleeve Tee Red
GGOEYAXR066155,You Tube Toddler Short Sleeve Tee Red
GGOEYAYR068624,YouTube Youth Short Sleeve Tee Red
GGOEYAYR068625,YouTube Youth Short Sleeve Tee Red
GGOEYAYR068626,YouTube Youth Short Sleeve Tee Red
GGOEYAYR068656,YouTube Youth Short Sleeve Tee Red
GGOEYDHJ019399,24 oz YouTube Sergeant Stripe Bottle
GGOEYDHJ056099,22 oz YouTube Bottle Infuser
GGOEYFKQ020699,YouTube Custom Decals
GGOEYHPA003510,YouTube Trucker Hat
GGOEYHPA003610,YouTube Wool Heather Cap Heather Black
GGOEYHPB072210,YouTube Twill Cap
GGOEYOBR078599,YouTube Luggage Tag
GGOEYOCR077399,YouTube RFID Journal
GGOEYOCR077799,YouTube Hard Cover Journal
GGOEYOCR078099,YouTube Spiral Journal with Pen
GGOEYOLR018699,YouTube Leatherette Notebook Combo
GGOEYOLR080599,YouTube Notebook and Pen Set
